Title,MaxPlayers,Genre,ReviewScore,Sales,UsedPrice,Console,Rating,Year,PlayLength
AC/DC Live: Rock Band - Track Pack,4,Action / Simulation,63,0.19,14.95,X360,M,2008,3.933333333
AC/DC Live: Rock Band - Track Pack,1,Action / Simulation,60,0.19,14.95,PS3,E,2008,3.933333333
Ace Combat 6: Fires of Liberation,1,Action / Simulation,80,0.58,19.95,X360,E,2007,13.75
Ace Combat X: Skies of Deception,1,Action / Simulation,75,0.32,22.95,PSP,E,2006,4.116666667
Advance Wars: Days of Ruin,4,Strategy,86,0.43,17.95,DS,E,2008,22
Advance Wars: Dual Strike,1,Strategy,90,0.3,17.95,DS,T,2005,27.83333333
Afrika,1,Adventure / Simulation,63,0.1,47.95,PS3,T,2008,30.43333333
After Burner: Black Falcon,1,Action,73,0.01,19.95,PSP,M,2007,-1
Agatha Christie: And Then There Were None,1,Adventure,50,0.05,17.95,Wii,M,2008,7.5
Agatha Christie: Evil Under the Sun,1,Adventure,46,0.05,17.95,Wii,M,2008,7.616666667
Age of Empires: Mythologies,1,Strategy,78,0.17,17.95,DS,T,2008,16.6
Age of Empires: The Age of Kings,1,Strategy,80,0.19,17.95,DS,T,2006,50
Alex Rider: Stormbreaker,1,Action / Adventure,48,0.05,12.95,DS,M,2006,6.5
Alien Syndrome,1,Action,51,0.07,12.95,PSP,E,2007,3
Alien Syndrome,4,Action,48,0.06,12.95,Wii,E,2007,3
Aliens Vs Predator: Requiem,2,Action,49,0.03,17.95,PSP,T,2007,-1
All-Pro Football 2K8,4,Sports,75,0.24,7.95,X360,T,2007,12
All-Pro Football 2K8,6,Sports,73,0.14,9.95,PS3,T,2007,12
Alone in the Dark,1,Action / Adventure / Racing / Driving,58,0.12,14.95,X360,M,2008,6.116666667
Alone in the Dark,1,Action / Adventure / Racing / Driving,39,0.09,14.95,Wii,T,2008,6.116666667
Amped 3,1,Sports,72,0.13,14.95,X360,E,2005,9
Animal Crossing: City Folk,1,Simulation,73,1.78,29.95,Wii,T,2008,65
Animal Crossing: Wild World,1,Simulation,86,2.6,24.95,DS,T,2005,80.53333333
Anubis II,1,Action,19,0.04,9.95,Wii,M,2007,-1
Ape Escape Academy,4,Action / Sports,51,0.13,14.95,PSP,E,2004,1.883333333
Apollo Justice: Ace Attorney,1,Adventure / Simulation,78,0.24,24.95,DS,T,2008,19.93333333
Arkanoid DS,1,Strategy,61,0.03,16.95,DS,E,2007,-1
Armored Core 4,2,Action,65,0.09,19.95,PS3,E,2006,20
Armored Core 4,2,Action,65,0.19,17.95,X360,E,2007,20
Armored Core: For Answer,1,Action,62,0.05,29.95,PS3,M,2008,14.5
Armored Core: For Answer,1,Action,64,0.05,24.95,X360,T,2008,14.5
Armored Core: Formula Front - Extreme Battle,1,Action / Strategy,66,0.05,16.95,PSP,E,2004,-1
Army of Two,2,Action,72,1.12,16.95,X360,T,2008,6.75
Army of Two,2,Action,74,0.75,16.95,PS3,T,2008,6.75
Asphalt: Urban GT,1,Racing / Driving / Simulation,60,0.11,14.95,DS,E,2004,12.4
Assassin's Creed,1,Action,81,3.17,16.95,X360,T,2007,17
Assassin's Creed,1,Action,81,1.77,17.95,PS3,T,2007,17
Assassin's Creed: Altar's Chronicles,1,Action,58,0.03,11.95,DS,T,2008,4.866666667
Astonishia Story,1,Role-Playing (RPG) / Strategy,48,0.03,16.95,PSP,T,2006,19.15
ATV Offroad Fury: Blazin' Trails,4,Racing / Driving / Sports,63,0.56,12.95,PSP,T,2005,-1
ATV Quad Frenzy,1,Racing / Driving / Sports,35,0.11,14.95,DS,T,2005,-1
Avalon Code,1,Action / Adventure / Role-Playing (RPG),71,0.1,27.95,DS,M,2008,23.85
Avatar: The Last Airbender,1,Action,64,0.3,17.95,DS,E,2006,5
Avatar: The Last Airbender,1,Action,57,0.11,17.95,PSP,E,2006,5
B-Boy,1,Action,50,0.03,17.95,PSP,E,2006,-1
Baja: Edge of Control,4,Racing / Driving / Simulation / Sports,65,0.11,16.95,X360,T,2008,-1
Baja: Edge of Control,4,Racing / Driving / Simulation / Sports,61,0.09,17.95,PS3,M,2008,-1
Bangai-O Spirits,1,Action,83,0.05,14.95,DS,M,2008,10.5
Banjo-Kazooie: Nuts & Bolts,1,Action / Adventure / Racing / Driving / Sports,79,0.31,17.95,X360,E,2008,19.45
Barnyard,1,Action / Adventure,65,0.04,17.95,Wii,T,2007,-1
Baroque,1,Action / Role-Playing (RPG),50,0.04,19.95,Wii,T,2008,7.783333333
Battle Fantasia,2,Action / Role-Playing (RPG),71,0.05,22.95,X360,M,2008,1.05
Battle of the Bands,2,Action / Simulation,58,0.08,14.95,Wii,T,2008,-1
Battlefield 2: Modern Combat,4,Action,77,0.36,16.95,X360,E,2005,6.933333333
Battlefield: Bad Company,1,Action,83,0.83,16.95,X360,E,2008,7
Battlefield: Bad Company,1,Action,84,0.76,17.95,PS3,T,2008,7
Battles of Prince of Persia,1,Strategy,64,0.09,14.95,DS,E,2005,8
Battlestations: Midway,1,Action / Strategy,73,0.21,17.95,X360,T,2007,8.716666667
BattleZone,1,Action,57,0.03,14.95,PSP,E,2006,-1
Beautiful Katamari,1,Action,73,0.11,17.95,X360,M,2007,6
Bee Movie Game,1,Adventure,58,0.44,17.95,DS,E,2007,5.633333333
Bee Movie Game,2,Action,62,0.32,14.95,Wii,E,2007,5.633333333
Bee Movie Game,2,Action,71,0.15,12.95,X360,T,2007,5.633333333
Beijing 2008,4,Sports,60,0.15,14.95,X360,T,2008,5.5
Ben 10: Protector of the Earth,1,Action,63,0.57,16.95,Wii,T,2007,4.55
Ben 10: Protector of the Earth,1,Action,60,0.19,16.95,PSP,T,2007,4.55
Beowulf: The Game,1,Action,51,0.36,12.95,X360,E,2007,8.083333333
Beowulf: The Game,1,Action,51,0.12,12.95,PS3,T,2007,8.083333333
Big Brain Academy,1,Action,74,1.77,16.95,DS,E,2005,7.133333333
Big Brain Academy: Wii Degree,8,Action,68,1.1,19.95,Wii,M,2007,20
Bionicle Heroes,1,Action,72,0.06,16.95,DS,T,2006,12.88333333
Bionicle Heroes,1,Action,59,0.06,14.95,X360,T,2006,12.88333333
Bionicle Heroes,1,Action,52,0.03,17.95,Wii,T,2007,12.88333333
BioShock,1,Action,96,1.52,16.95,X360,T,2007,13.5
BioShock,1,Action,94,0.53,17.95,PS3,E,2008,13.5
BlackSite: Area 51,1,Action,62,0.29,17.95,X360,E,2007,5.8
BlackSite: Area 51,1,Action,56,0.07,17.95,PS3,E,2007,5.8
Blade Dancer: Lineage of Light,1,Role-Playing (RPG),60,0.06,16.95,PSP,E,2006,29.5
Bladestorm: The Hundred Years' War,1,Action / Role-Playing (RPG) / Strategy,58,0.1,44.95,PS3,E,2007,51.25
Bladestorm: The Hundred Years' War,1,Action / Role-Playing (RPG) / Strategy,63,0.08,34.95,X360,T,2007,51.25
Blast Works: Build /  Trade /  Destroy,4,Action,78,0.07,14.95,Wii,T,2008,-1
Blazing Angels 2: Secret Missions of WWII,2,Action,72,0.09,16.95,X360,M,2007,12.5
Blazing Angels 2: Secret Missions of WWII,2,Action,70,0.08,22.95,PS3,T,2007,12.5
Blazing Angels: Squadrons of WWII,2,Action,66,0.37,16.95,X360,E,2006,-1
Blazing Angels: Squadrons of WWII,2,Action,67,0.35,16.95,PS3,T,2006,-1
Blazing Angels: Squadrons of WWII,2,Action,57,0.75,16.95,Wii,E,2007,-1
Bleach: The Blade of Fate,1,Action,83,0.31,17.95,DS,E,2007,9
Blitz: The League,2,Sports,69,0.14,14.95,X360,T,2006,15
Blitz: The League II,2,Action / Sports,62,0.09,14.95,PS3,M,2008,20
Blitz: The League II,2,Action / Sports,68,0.07,12.95,X360,M,2008,20
Blue Dragon,1,Role-Playing (RPG),79,0.27,14.95,X360,T,2006,51.71666667
Bomberman,1,Strategy,75,0.11,17.95,DS,E,2005,3.2
Bomberman,1,Action / Strategy,73,0.15,12.95,PSP,M,2008,3.2
Bomberman Land,4,Action,57,0.12,19.95,Wii,T,2008,-1
Bomberman Land Touch!,1,Action,78,0.04,24.95,DS,E,2006,15
Bomberman: Act Zero,1,Action,34,0.04,12.95,X360,E,2006,-1
Boogie,2,Action,57,0.45,17.95,Wii,T,2007,-1
Boom Blox,4,Action / Strategy,85,0.72,24.95,Wii,T,2008,7
Bounty Hounds,1,Action / Strategy,63,0.03,17.95,PSP,T,2006,-1
Brain Age: Train Your Brain in Minutes a Day!,1,Action,77,5.07,17.95,DS,M,2005,1
Brain Agey: More Training in Minutes a Day!,1,Action,77,3.65,17.95,DS,E,2005,15
Brave Story: New Traveler,1,Role-Playing (RPG),76,0.11,17.95,PSP,T,2007,25.25
Break 'em All,1,Action,68,0.12,17.95,DS,T,2005,-1
Brooktown High,1,Simulation,51,0.08,16.95,PSP,T,2007,-1
Brothers in Arms DS,1,Action,72,0.04,17.95,DS,E,2007,5
Brothers in Arms: D-Day,1,Action,65,0.19,6.95,PSP,T,2006,8
Brothers in Arms: Double Time,1,Action / Strategy,45,0.1,17.95,Wii,E,2008,-1
Brothers in Arms: Hell's Highway,1,Action,76,0.47,17.95,X360,E,2008,8.1
Brothers in Arms: Hell's Highway,1,Action,76,0.42,19.95,PS3,T,2008,8.1
Bubble Bobble Double Shot,1,Action,50,0.04,17.95,DS,E,2007,-1
Bubble Bobble Evolution,1,Action,47,0.03,12.95,PSP,E,2006,-1
Bubble Bobble Revolution,1,Action,38,0.04,17.95,DS,M,2005,-1
Bullet Witch,1,Action,55,0.06,16.95,X360,M,2006,7.5
Bully: Scholarship Edition,1,Action / Adventure,80,0.53,17.95,X360,T,2008,17.35
Bully: Scholarship Edition,2,Action / Adventure,83,0.16,17.95,Wii,E,2008,17.35
Burnout Dominator,4,Action / Racing / Driving,76,0.02,17.95,PSP,T,2007,18.36666667
Burnout Legends,1,Action / Racing / Driving,86,0.68,14.95,PSP,T,2005,12
Burnout Legends,1,Action / Racing / Driving,38,0.16,17.95,DS,E,2005,12
Burnout Paradise,1,Action / Racing / Driving,87,1.01,17.95,PS3,T,2008,20
Bust-a-Move Deluxe,2,Strategy,73,0.14,14.95,PSP,M,2006,-1
Bust-a-Move DS,1,Action / Strategy,75,0.09,17.95,DS,E,2005,-1
BWii: Battalion Wars 2,1,Action / Simulation / Strategy,75,0.21,14.95,Wii,T,2007,9.716666667
Cabela's African Safari,1,Sports,53,0.1,17.95,X360,E,2006,-1
Cabela's Alaskan Adventures,1,Sports,48,0.1,17.95,X360,E,2006,20
Cabela's Big Game Hunter,1,Simulation / Sports,51,0.04,19.95,X360,E,2007,4
Cabela's Dangerous Hunts 2009,1,Sports,42,0.13,19.95,X360,M,2008,-1
Cake Mania,1,Action,55,0.08,16.95,DS,M,2007,5.866666667
Call of Duty 2,4,Action,89,1.69,17.95,X360,E,2005,9
Call of Duty 3,2,Action,82,1.51,16.95,X360,T,2006,8.45
Call of Duty 3,1,Action,69,1.15,19.95,Wii,E,2006,8.45
Call of Duty 3,1,Action,80,0.52,19.95,PS3,T,2006,8.45
Call of Duty 4: Modern Warfare,4,Action,94,5.77,29.95,X360,E,2007,7
Call of Duty 4: Modern Warfare,4,Action,94,2.91,24.95,PS3,E,2007,7
Call of Duty 4: Modern Warfare,1,Action,75,0.94,19.95,DS,T,2007,7
Call of Duty: Roads to Victory,1,Action,64,0.51,24.95,PSP,E,2007,6.25
Call of Duty: World at War,4,Action,84,4.58,29.95,X360,E,2008,8
Call of Duty: World at War,4,Action,85,2.53,29.95,PS3,T,2008,8
Call of Duty: World at War,2,Action,83,1.17,29.95,Wii,M,2008,8
Call of Juarez,1,Action,71,0.15,14.95,X360,E,2007,8.2
Capcom Classics Collection Reloaded,1,Action,75,0.26,17.95,PSP,T,2006,-1
Capcom Classics Collection Remixed,1,Action,72,0.28,17.95,PSP,E,2005,35.66666667
Capcom Puzzle World,1,Strategy,65,0.01,19.95,PSP,M,2007,-1
Cartoon Network Racing,1,Racing / Driving,55,0.05,14.95,DS,E,2006,14.86666667
Castlevania Judgment,2,Action,49,0.09,17.95,Wii,T,2008,6
Castlevania: Dawn of Sorrow,1,Action / Role-Playing (RPG),89,0.31,17.95,DS,T,2005,13
Castlevania: Order of Ecclesia,1,Action / Adventure / Role-Playing (RPG),85,0.24,24.95,DS,T,2008,13.33333333
Castlevania: Portrait of Ruin,1,Action,85,0.3,17.95,DS,M,2006,12
Castlevania: The Dracula X Chronicles,2,Action,80,0.21,16.95,PSP,E,2007,7.5
Chicken Hunter,1,Action,39,0.02,17.95,DS,T,2008,1.5
Chicken Shoot,2,Action,27,0.26,12.95,Wii,E,2007,0.616666667
Children of Mana,1,Action / Role-Playing (RPG),65,0.16,16.95,DS,E,2006,22.11666667
Chromehounds,1,Action / Simulation / Strategy,71,0.25,14.95,X360,T,2006,16
Chrono Trigger,2,Role-Playing (RPG),92,0.51,17.95,DS,T,2008,25
Clubhouse Games,1,Strategy,83,0.61,17.95,DS,E,2005,20
Code Lyoko,1,Action / Adventure,63,0.03,11.95,DS,T,2007,7
Code Lyoko: Fall of X.A.N.A,1,Action / Role-Playing (RPG),51,0.06,14.95,DS,M,2008,15.15
Code Lyoko: Quest for Infinity,1,Action,58,0.07,17.95,Wii,T,2007,5.8
Coded Arms,1,Action,59,0.3,12.95,PSP,M,2005,6
Coded Arms: Contagion,1,Action,56,0.06,14.95,PSP,E,2007,10
College Hoops 2K6,1,Sports,70,0.11,6.95,X360,E,2006,1.566666667
College Hoops 2K7,4,Sports,82,0.19,6.95,X360,T,2006,-1
College Hoops 2K7,6,Sports,81,0.16,6.95,PS3,E,2007,-1
College Hoops 2K8,1,Sports,81,0.15,9.95,X360,M,2007,-1
College Hoops 2K8,7,Sports,82,0.12,12.95,PS3,M,2007,-1
Command & Conquer 3: Kane's Wrath,1,Strategy,75,0.15,17.95,X360,M,2008,9.5
Command & Conquer 3: Tiberium Wars,1,Strategy,82,0.35,24.95,X360,T,2007,25
Command & Conquer: Red Alert 3,1,Strategy,77,0.16,14.95,X360,T,2008,11.36666667
Conan,1,Action / Adventure,69,0.14,17.95,PS3,E,2007,6
Conan,1,Action / Adventure,69,0.14,14.95,X360,E,2007,6
Condemned 2: Bloodshot,1,Action / Adventure,80,0.29,14.95,X360,T,2008,9.5
Condemned 2: Bloodshot,1,Action / Adventure,82,0.16,14.95,PS3,T,2008,9.5
Condemned: Criminal Origins,1,Action / Adventure,81,0.33,14.95,X360,E,2005,7.55
Conflict: Denied Ops,4,Action,52,0.09,12.95,X360,T,2008,5.666666667
Conflict: Denied Ops,4,Action,51,0.05,17.95,PS3,E,2008,5.666666667
Contact,1,Adventure / Role-Playing (RPG),73,0.07,14.95,DS,E,2006,14.58333333
Contra 4,1,Action,83,0.27,17.95,DS,T,2007,3.116666667
Cooking Mama,1,Simulation,67,2.9,17.95,DS,M,2006,7
Cooking Mama 2: Dinner with Friends,1,Simulation,70,1.56,17.95,DS,E,2007,5.183333333
Cooking Mama: Cook Off,2,Simulation,61,1.38,14.95,Wii,M,2007,3.4
Crackdown,1,Action / Racing / Driving / Role-Playing (RPG),83,1.02,14.95,X360,M,2007,12.33333333
Cradle of Rome,1,Strategy,63,0.04,17.95,DS,E,2008,-1
Crash of the Titans,1,Action,73,0.46,17.95,DS,T,2007,8
Crash of the Titans,2,Action,69,0.42,17.95,Wii,E,2007,8
Crash of the Titans,2,Action,65,0.29,17.95,X360,E,2007,8
Crash: Mind over Mutant,1,Action,70,0.36,17.95,Wii,E,2008,5.55
Crash: Mind over Mutant,1,Action,60,0.22,24.95,X360,M,2008,5.55
Crazy Taxi: Fare Wars,1,Action / Racing / Driving,64,0.1,17.95,PSP,E,2007,-1
CrossworDS,1,Educational / Strategy,67,0.53,17.95,DS,T,2007,17.2
Crush,1,Action,83,0.08,16.95,PSP,E,2007,6.6
Cube,1,Strategy,60,0.02,17.95,PSP,T,2007,-1
Culdcept Saga,4,Strategy,75,0.12,17.95,X360,T,2008,47.61666667
Custom Robo Arena,1,Action / Role-Playing (RPG),74,0.01,17.95,DS,T,2006,20.61666667
Dance Dance Revolution Hottest Party,4,Action,73,1.45,17.95,Wii,T,2007,8
Dance Dance Revolution Universe 2,4,Action,65,0.48,19.95,X360,T,2007,8
Dark Messiah of Might and Magic: Elements,1,Action / Role-Playing (RPG),52,0.13,17.95,X360,T,2008,12
Dark Sector,1,Action,72,0.23,14.95,PS3,T,2008,8.566666667
Dark Sector,1,Action,72,0.21,13.95,X360,M,2008,8.566666667
Darkstalkers Chronicle: The Chaos Tower,1,Action,74,0.14,14.95,PSP,E,2004,2
Daxter,1,Action,85,2.38,14.95,PSP,T,2006,8
De Blob,4,Action,82,0.45,16.95,Wii,M,2008,10
Dead Head Fred,1,Action,75,0.03,12.95,PSP,E,2007,9.9
Dead or Alive 4,4,Action,85,0.38,17.95,X360,E,2005,6
Dead or Alive: Xtreme 2,1,Racing / Driving / Sports,53,0.13,14.95,X360,T,2006,1
Dead Rising,1,Action,85,1.16,16.95,X360,E,2006,15
Dead Space,1,Action,88,0.96,17.95,PS3,M,2008,12
Dead to Rights: Reckoning,1,Action,54,0.13,14.95,PSP,E,2005,2.916666667
Deal or No Deal,1,Strategy,20,1.1,11.95,DS,E,2007,0.116666667
Death Jr.,1,Action,61,0.19,9.95,PSP,M,2005,3.533333333
Death Jr. and the Science Fair of Doom,1,Action,47,0.07,12.95,DS,M,2007,-1
Death Jr. II: Root of Evil,2,Action,68,0.05,14.95,PSP,E,2006,9.7
Death Jr. II: Root of Evil,2,Action,71,0.09,17.95,Wii,E,2008,9.7
Deep Labyrinth,1,Role-Playing (RPG),57,0.06,10.95,DS,T,2006,13.56666667
Def Jam Fight for NY: The Takeover,1,Action,79,0.09,17.95,PSP,T,2006,5.15
Def Jam: Icon,2,Action,69,0.32,17.95,X360,M,2007,8
Def Jam: Icon,2,Action,68,0.16,16.95,PS3,E,2007,8
Dementium: The Ward,1,Action,72,0.15,17.95,DS,M,2007,4
Destroy All Humans! Big Willy Unleashed,2,Adventure,53,0.11,17.95,Wii,T,2008,4.5
Devil May Cry 4,1,Action,84,0.8,17.95,X360,T,2008,12
Devil May Cry 4,1,Action,84,0.56,19.95,PS3,T,2008,12
Diddy Kong Racing DS,1,Racing / Driving / Sports,63,1.16,24.95,DS,T,2007,12.5
Dig Dug: Digging Strike,1,Action,65,0.06,16.95,DS,E,2005,-1
Digimon World DS,1,Role-Playing (RPG),49,0.08,27.95,DS,E,2006,32.11666667
Diner Dash,1,Action,64,0.34,17.95,DS,T,2007,5
DiRT,1,Racing / Driving / Simulation / Sports,83,0.39,17.95,X360,E,2007,13
DiRT,1,Racing / Driving / Simulation / Sports,83,0.16,17.95,PS3,E,2007,13
Disgaea DS,1,Role-Playing (RPG) / Strategy,82,0.1,24.95,DS,M,2008,70.53333333
Disgaea: Afternoon of Darkness,1,Role-Playing (RPG) / Strategy,87,0.15,17.95,PSP,M,2007,59.6
Disney Pirates of the Caribbean: At World's End,1,Action,66,0.27,14.95,DS,T,2007,7
Disney Pirates of the Caribbean: At World's End,2,Action,55,0.15,14.95,PS3,M,2007,7
Dissidia: Final Fantasy,1,Action / Role-Playing (RPG),79,0.49,17.95,PSP,T,2008,50
DK: Jungle Climber,1,Action / Strategy,77,0.26,24.95,DS,T,2007,6
Dokapon Kingdom,1,Role-Playing (RPG) / Strategy,72,0.12,17.95,Wii,M,2008,25
Don King Presents: Prizefighter,2,Sports,56,0.15,14.95,X360,M,2008,12.85
Donkey Kong Barrel Blast,4,Racing / Driving,46,0.19,29.95,Wii,T,2007,-1
Draglade,1,Action,71,0.1,16.95,DS,M,2007,4.066666667
Dragon Ball Z: Budokai Tenkaichi 2,2,Action,72,0.24,14.95,Wii,E,2006,14.6
Dragon Ball Z: Budokai Tenkaichi 3,2,Action,72,0.33,17.95,Wii,E,2007,15
Dragon Ball Z: Burst Limit,2,Action,72,0.24,17.95,X360,E,2008,6
Dragon Ball Z: Burst Limit,2,Action,71,0.22,19.95,PS3,M,2008,6
Dragon Ball Z: Harukanaru Densetsu,1,Strategy,57,0.2,14.95,DS,T,2007,-1
Dragon Ball Z: Shin Budokai - Another Road,1,Action,65,0.27,16.95,PSP,E,2007,8.35
Dragon Ball Z: Supersonic Warriors 2,1,Action,66,0.13,22.95,DS,E,2005,14.7
Dragon Ball: Origins,1,Action / Adventure,78,0.08,15.95,DS,M,2008,10.78333333
Dragon Quest Heroes: Rocket Slime,1,Action,83,0.13,12.95,DS,T,2005,13.36666667
Dragon Quest IV: Chapters of the Chosen,1,Role-Playing (RPG),80,0.26,24.95,DS,T,2007,30
Dragon Quest Monsters: Joker,1,Role-Playing (RPG),75,0.24,14.95,DS,T,2006,37.65
Dragon Quest Swords: The Masked Queen and the T...,1,Action,65,0.15,16.95,Wii,T,2007,9.3
Dragon Quest V: Hand of the Heavenly Bride,1,Role-Playing (RPG),84,0.12,29.95,DS,T,2008,34
Dragoneer's Aria,1,Role-Playing (RPG),56,0.02,24.95,PSP,E,2007,37.63333333
Drawn to Life,1,Action,73,0.75,17.95,DS,T,2007,14
Dream Pinball 3D,4,Simulation,54,0.1,16.95,Wii,M,2008,-1
Driver: Parallel Lines,1,Action / Racing / Driving,59,0.01,24.95,Wii,E,2007,11.5
Dungeon Explorer: Warriors of Ancient Arts,1,Action / Role-Playing (RPG),60,0.05,17.95,DS,M,2008,7.833333333
Dungeon Maker: Hunting Ground,1,Action / Role-Playing (RPG),70,0.02,14.95,PSP,E,2006,-1
Dungeon Siege: Throne of Agony,1,Role-Playing (RPG),74,0.13,24.95,PSP,E,2006,16.83333333
Dynasty Warriors,1,Action / Adventure / Role-Playing (RPG),62,0.2,14.95,PSP,E,2004,2.083333333
Dynasty Warriors 5: Empires,2,Action / Role-Playing (RPG) / Strategy,61,0.1,14.95,X360,T,2006,22.78333333
Dynasty Warriors 6,2,Action / Strategy,59,0.18,24.95,PS3,M,2008,17
Dynasty Warriors 6,2,Action / Strategy,60,0.16,24.95,X360,M,2008,17
Dynasty Warriors DS: Fighter's Battle,1,Action / Strategy,56,0.03,14.95,DS,T,2007,-1
Dynasty Warriors: Gundam,2,Action,60,0.15,22.95,PS3,E,2007,50.8
Dynasty Warriors: Gundam,2,Action,55,0.15,22.95,X360,M,2007,50.8
EA Playground,4,Action / Racing / Driving / Sports,66,0.72,17.95,Wii,T,2007,-1
EA Playground,1,Racing / Driving / Sports,60,0.31,11.95,DS,E,2007,-1
EA Replay,4,Action / Role-Playing (RPG) / Simulation / Sports / Strategy,56,0.07,14.95,PSP,E,2006,-1
Earth Defense Force 2017,2,Action,69,0.03,17.95,X360,T,2006,11
Elebits,4,Action,75,0.22,14.95,Wii,T,2006,9
Electroplankton,1,Simulation,71,0.01,29.95,DS,T,2005,0.5
Elite Beat Agents,1,Action,87,0.27,9.95,DS,M,2006,4.5
Enchanted Arms,1,Role-Playing (RPG),69,0.15,17.95,X360,E,2006,40
Enchanted Arms,1,Role-Playing (RPG),64,0.18,17.95,PS3,E,2007,40
Endless Ocean,1,Simulation,72,0.44,24.95,Wii,E,2007,10.96666667
Enemy Territory: Quake Wars,1,Action,69,0.26,14.95,X360,T,2008,7.916666667
Enemy Territory: Quake Wars,1,Action,60,0.24,16.95,PS3,T,2008,7.916666667
Eragon,1,Action / Role-Playing (RPG),63,0.14,16.95,DS,E,2006,8
Eragon,4,Action,59,0.11,14.95,PSP,E,2006,8
Eragon,2,Action,48,0.09,12.95,X360,T,2006,8
Escape from Bug Island,1,Action,37,0.04,14.95,Wii,T,2007,6.616666667
Eternal Sonata,1,Role-Playing (RPG),79,0.15,27.95,X360,M,2007,33.7
Eternal Sonata,2,Role-Playing (RPG),80,0.14,24.95,PS3,M,2008,33.7
Etrian Odyssey,1,Role-Playing (RPG),75,0.19,24.95,DS,E,2007,54.05
Etrian Odyssey II: Heroes of Lagaard,1,Role-Playing (RPG),82,0.07,24.95,DS,T,2008,53.8
Every Extend Extra,1,Action,74,0.06,11.95,PSP,E,2006,12
Excite Truck,2,Racing / Driving,72,0.4,19.95,Wii,M,2006,14
Exit,1,Action,77,0.05,9.95,PSP,E,2005,6
F.E.A.R. Files,1,Action,66,0.06,17.95,X360,E,2007,10
F.E.A.R.: First Encounter Assault Recon,1,Action,85,0.32,17.95,X360,E,2006,9
F.E.A.R.: First Encounter Assault Recon,1,Action,72,0.18,17.95,PS3,T,2007,9
Fable II,1,Role-Playing (RPG),89,2.55,17.95,X360,E,2008,20
Facebreaker,2,Sports,54,0.16,12.95,X360,M,2008,-1
Facebreaker,2,Sports,53,0.12,14.95,PS3,E,2008,-1
Fading Shadows,1,Action / Adventure,62,0.03,17.95,PSP,E,2008,-1
Fallout 3,1,Action / Role-Playing (RPG),93,2.44,17.95,X360,T,2008,45
Fallout 3,1,Action / Role-Playing (RPG),90,1.48,17.95,PS3,M,2008,45
Family Guy Video Game!,1,Action,51,0.19,19.95,PSP,M,2006,5.883333333
Fantastic Four: Rise of the Silver Surfer,4,Action,47,0.1,14.95,PS3,M,2007,6.416666667
Fantastic Four: Rise of the Silver Surfer,4,Action,45,0.08,14.95,X360,E,2007,6.416666667
Fantastic Four: Rise of the Silver Surfer,4,Action,39,0.04,12.95,Wii,E,2007,6.416666667
Fantastic Four: Rise of the Silver Surfer,1,Action,35,0.04,14.95,DS,E,2007,6.416666667
Far Cry 2,1,Action,85,0.73,19.95,X360,T,2008,23
Far Cry 2,1,Action,85,0.43,19.95,PS3,T,2008,23
Far Cry: Instincts - Predator,4,Action,78,0.19,17.95,X360,E,2006,17.91666667
Far Cry: Vengeance,2,Action,38,0.07,16.95,Wii,E,2006,-1
Feel the Magic XY/XX,1,Action / Adventure / Racing / Driving / Sports,75,0.16,8.95,DS,T,2004,3
Ferrari Challenge Trofeo Pirelli,1,Racing / Driving,71,0.15,17.95,PS3,E,2008,32
Field Commander,2,Strategy,77,0.16,14.95,PSP,T,2006,13.88333333
FIFA Soccer,1,Sports,73,0.12,14.95,PSP,E,2005,-1
FIFA Street 2,1,Sports,58,0.07,17.95,PSP,T,2006,20
FIFA Street 3,4,Sports,63,0.07,14.95,X360,T,2008,5.5
FIFA Street 3,1,Sports,63,0.06,17.95,PS3,T,2008,5.5
Fight Night Round 3,2,Action / Sports,86,1.4,14.95,X360,E,2006,11
Fight Night Round 3,2,Action / Sports,83,0.86,13.95,PS3,T,2006,11
Fight Night Round 3,2,Action / Simulation / Sports,74,0.48,16.95,PSP,T,2006,11
Final Fantasy,1,Role-Playing (RPG),67,0.35,17.95,PSP,T,2007,20
Final Fantasy Fables: Chocobo Tales,1,Action,75,0.1,17.95,DS,M,2007,12.25
Final Fantasy Fables: Chocobo's Dungeon,1,Action / Role-Playing (RPG),76,0.09,17.95,Wii,M,2008,25
Final Fantasy II,1,Role-Playing (RPG),63,0.31,17.95,PSP,E,2007,28
Final Fantasy III,1,Role-Playing (RPG),77,0.86,17.95,DS,E,2006,44
Final Fantasy IV,1,Role-Playing (RPG),85,0.48,17.95,DS,T,2007,35.38333333
Final Fantasy Tactics,1,Role-Playing (RPG) / Strategy,88,0.44,17.95,PSP,M,2007,50
Final Fantasy Tactics A2: Grimoire of the Rift,1,Role-Playing (RPG) / Strategy,80,0.36,17.95,DS,E,2007,75
Final Fantasy XI Online,1,Action / Role-Playing (RPG),66,0.18,4.95,X360,E,2006,-1
Final Fantasy XII: Revenant Wings,1,Role-Playing (RPG) / Strategy,81,0.33,19.95,DS,T,2007,30.98333333
Final Fantasy: Crystal Chronicles - Echoes of Time,1,Action,75,0.11,24.95,DS,T,2007,18.36666667
Fire Emblem: Radiant Dawn,1,Role-Playing (RPG) / Strategy,78,0.26,34.95,Wii,T,2007,47.83333333
Fire Emblem: Shadow Dragon,1,Role-Playing (RPG) / Strategy,81,0.25,19.95,DS,M,2008,21.85
Flash Focus: Vision Training in Minutes a Day,1,Action,59,0.91,17.95,DS,T,2007,6
FlatOut: Head On,1,Racing / Driving / Sports,74,0.14,9.95,PSP,E,2008,23
FlatOut: Ultimate Carnage,1,Racing / Driving,80,0.07,16.95,X360,E,2007,23
Flower /  Sun and Rain,1,Adventure,54,0.04,23.95,DS,M,2008,8.233333333
Folklore,1,Action / Role-Playing (RPG),75,0.18,24.95,PS3,E,2007,16.65
Ford Bold Moves Street Racing,1,Racing / Driving,52,0.04,17.95,PSP,T,2006,-1
Ford Racing 3,1,Action / Racing / Driving,49,0.1,14.95,DS,E,2005,8.016666667
Ford Racing Off Road,1,Racing / Driving,47,0.05,12.95,PSP,M,2008,-1
Forza Motorsport 2,2,Racing / Driving,90,2.48,12.95,X360,T,2007,58.21666667
Fracture,1,Action,63,0.13,14.95,X360,T,2008,7
Fracture,1,Action,62,0.09,14.95,PS3,M,2008,7
Frogger: Helmet Chaos,1,Action,66,0.11,19.95,PSP,E,2005,-1
Frogger: Helmet Chaos,1,Action,69,0.06,17.95,DS,E,2005,-1
From the Abyss,1,Action / Role-Playing (RPG),60,0.05,19.95,DS,T,2008,5.633333333
Front Mission,1,Strategy,72,0.01,17.95,DS,E,2007,20.3
Frontlines: Fuel of War,1,Action,75,0.35,14.95,X360,M,2008,5.5
Full Auto,2,Action / Racing / Driving,70,0.19,16.95,X360,E,2006,5
Full Auto 2: Battlelines,2,Action / Racing / Driving,67,0.14,14.95,PS3,T,2006,9.583333333
Fullmetal Alchemist: Dual Sympathy,1,Action,58,0.05,14.95,DS,M,2005,14
Fuzion Frenzy 2,4,Action / Sports,49,0.12,14.95,X360,T,2006,3.75
Game Party,4,Action,25,1.49,14.95,Wii,T,2007,2
Gears of War,2,Action,94,3.7,19.95,X360,M,2006,9.433333333
Gears of War 2,2,Action,93,3.9,24.95,X360,E,2008,10
Genji: Days of the Blade,1,Action / Role-Playing (RPG),55,0.17,14.95,PS3,T,2006,12
Geometry Wars: Galaxies,1,Action,79,0.12,14.95,DS,T,2007,18.5
Geometry Wars: Galaxies,2,Action,80,0.11,16.95,Wii,T,2007,18.5
Ghost in the Shell: Stand Alone Complex,1,Action,61,0.07,14.95,PSP,E,2005,-1
Ghost Rider,4,Action,49,0.23,16.95,PSP,T,2007,4.816666667
Gitaroo Man Lives!,1,Simulation,80,0.04,22.95,PSP,E,2006,1.883333333
God of War: Chains of Olympus,1,Action,91,1.54,17.95,PSP,T,2008,5.666666667
Godzilla Unleashed: Double Smash,1,Action,28,0.11,17.95,DS,T,2007,-1
Godzilla: Unleashed,1,Action,44,0.14,24.95,Wii,E,2007,-1
Golden Axe,2,Action,45,0.15,14.95,X360,M,2007,1
GoldenEye: Rogue Agent,1,Action,58,0.11,14.95,DS,T,2005,8.5
Gradius Collection,1,Action,76,0.04,17.95,PSP,T,2006,10.11666667
Gran Turismo 5: Prologue,2,Racing / Driving / Simulation,80,1.31,24.95,PS3,E,2007,11
Grand Theft Auto IV,1,Action / Racing / Driving,98,5.76,24.95,X360,E,2008,32
Grand Theft Auto IV,1,Action / Racing / Driving,98,3.91,24.95,PS3,E,2008,32
Grand Theft Auto: Liberty City Stories,1,Action / Racing / Driving,88,2.97,17.95,PSP,E,2005,14.96666667
Grand Theft Auto: Vice City Stories,1,Action / Racing / Driving,86,1.72,17.95,PSP,E,2006,17.23333333
Gretzky NHL,2,Sports,61,0.1,9.95,PSP,E,2005,-1
GRID,1,Racing / Driving / Simulation / Sports,87,0.35,19.95,X360,E,2008,23.13333333
GRID,1,Racing / Driving / Simulation / Sports,87,0.31,24.95,PS3,T,2008,23.13333333
GripShift,1,Racing / Driving,70,0.09,9.95,PSP,E,2005,-1
Guilty Gear XX ? Core,2,Action,75,0.03,24.95,Wii,E,2007,2
Guilty Gear: Dust Strikers,1,Action,60,0.05,14.95,DS,E,2006,0.316666667
Guitar Hero II,2,Action / Simulation,92,2.04,17.95,X360,T,2007,9.5
Guitar Hero III: Legends of Rock,2,Action / Simulation,85,3.28,12.95,X360,T,2007,8.833333333
Guitar Hero III: Legends of Rock,2,Action / Simulation,86,3.19,49.95,Wii,T,2007,8.833333333
Guitar Hero: Aerosmith,1,Action / Simulation,73,1.03,14.95,Wii,E,2008,5
Guitar Hero: Aerosmith,2,Action / Simulation,70,0.91,9.95,X360,E,2008,5
Guitar Hero: Aerosmith,2,Action / Simulation,70,0.65,14.95,PS3,M,2008,5
Guitar Hero: On Tour,1,Action / Simulation,71,2.22,14.95,DS,M,2008,24
Guitar Hero: On Tour - Decades,1,Action / Simulation,72,0.8,17.95,DS,T,2008,10.91666667
Guitar Hero: World Tour,4,Action / Simulation,86,2.47,17.95,Wii,T,2008,8.616666667
Guitar Hero: World Tour,4,Action / Simulation,85,1.78,16.95,X360,T,2008,8.616666667
Guitar Hero: World Tour,4,Action / Simulation,84,1.04,17.95,PS3,E,2008,8.616666667
Guitar Rock Tour,1,Simulation,60,0.1,13.95,DS,T,2008,-1
GUN ,1,Action / Racing / Driving / Role-Playing (RPG),75,0.22,19.95,X360,E,2005,8
Gunpey DS,1,Strategy,70,0.05,12.95,DS,E,2006,8
Gurumin: A Monstrous Adventure,1,Action,78,0.01,13.95,PSP,T,2006,10.5
Hail to the Chimp,4,Action / Strategy,52,0.03,16.95,X360,M,2008,-1
Hail to the Chimp,1,Action / Strategy,51,0.03,15.95,PS3,M,2008,-1
Halo 3,4,Action,94,8.03,24.95,X360,E,2007,9.083333333
Happy Feet,2,Action,46,0.13,14.95,Wii,E,2006,0.666666667
Harry Potter and the Goblet of Fire,1,Action,68,0.21,17.95,DS,T,2005,8.816666667
Harry Potter and the Goblet of Fire,1,Action,70,0.19,17.95,PSP,T,2005,8.816666667
Harry Potter and the Order of the Phoenix,1,Action,69,0.4,24.95,Wii,T,2007,12.25
Harry Potter and the Order of the Phoenix,1,Action,51,0.29,17.95,DS,E,2007,12.25
Harry Potter and the Order of the Phoenix,1,Action,68,0.22,16.95,X360,M,2007,12.25
Harry Potter and the Order of the Phoenix,1,Action,67,0.17,17.95,PS3,E,2007,12.25
Harry Potter and the Order of the Phoenix,1,Action,52,0.1,16.95,PSP,E,2007,12.25
Harvest Moon DS,1,Role-Playing (RPG) / Simulation,67,0.4,17.95,DS,T,2006,55.13333333
Harvest Moon: Island of Happiness,1,Simulation / Strategy,65,0.42,24.95,DS,E,2008,43
Harvest Moon: Magical Melody,4,Role-Playing (RPG) / Simulation,69,0.18,23.95,Wii,T,2008,30.36666667
Harvest Moon: Tree of Tranquility,1,Role-Playing (RPG) / Simulation,65,0.62,34.95,Wii,M,2008,38.5
Harvey Birdman: Attorney at Law,1,Adventure,60,0.06,14.95,Wii,M,2008,4
Harvey Birdman: Attorney at Law,1,Adventure,62,0.05,14.95,PSP,M,2008,4
Haze,2,Action,55,0.49,12.95,PS3,T,2008,6.916666667
Heatseeker,1,Action,62,0.09,17.95,Wii,T,2007,9.75
Heatseeker,1,Action,49,0.04,12.95,PSP,T,2007,9.75
Heavenly Sword,1,Action,79,0.57,24.95,PS3,E,2007,7
Hellboy: The Science of Evil,2,Action / Adventure,47,0.09,16.95,PS3,T,2008,-1
Hellboy: The Science of Evil,2,Action / Adventure,44,0.08,14.95,X360,M,2008,-1
Hellboy: The Science of Evil,1,Action,42,0.04,14.95,PSP,E,2008,-1
Heroes of Mana,1,Strategy,66,0.06,24.95,DS,T,2007,27.01666667
Hitman: Blood Money,1,Action,82,0.29,22.95,X360,E,2006,13
Hot Pixel,1,Action,55,0.03,8.95,PSP,T,2007,0.716666667
Hot Shots Golf: Open Tee,1,Sports,81,0.49,12.95,PSP,E,2004,-1
Hot Shots Golf: Open Tee 2,1,Sports,82,0.19,14.95,PSP,E,2008,-1
Hot Shots Golf: Out of Bounds,4,Sports,81,0.3,34.95,PS3,T,2008,-1
Hot Wheels: Beat That!,1,Action / Racing / Driving,43,0.12,19.95,X360,T,2007,-1
Hotel Dusk: Room 215,1,Adventure,78,0.22,14.95,DS,E,2007,15
Hour of Victory,1,Action,37,0.11,12.95,X360,M,2007,6.15
Ice Age 2: The Meltdown,1,Action,66,0.07,17.95,Wii,E,2006,8.5
Import Tuner Challenge,2,Racing / Driving,54,0.07,17.95,X360,E,2006,39
Indianapolis 500 Legends,1,Racing / Driving,51,0.07,16.95,DS,T,2007,14.5
Infected,1,Action,74,0.15,17.95,PSP,E,2005,6.666666667
Infinite Undiscovery,1,Action / Role-Playing (RPG),68,0.27,17.95,X360,T,2008,26
Innocent Life: A Futuristic Harvest Moon,1,Role-Playing (RPG) / Simulation / Strategy,67,0.08,17.95,PSP,E,2006,33.73333333
Insecticide,1,Action / Adventure,55,0.04,12.95,DS,T,2008,3.683333333
InuYasha: Secret of the Divine Jewel,1,Role-Playing (RPG),46,0.09,24.95,DS,T,2007,9.566666667
Iron Man,1,Action,44,0.46,16.95,PSP,E,2008,5
Iron Man,1,Action,56,0.33,14.95,DS,M,2008,5
Iron Man,1,Action,42,0.33,17.95,PS3,T,2008,5
Iron Man,1,Action,44,0.3,17.95,Wii,T,2008,5
Iron Man,1,Action,45,0.28,17.95,X360,M,2008,5
Izuna 2: The Unemployed Ninja Returns,1,Role-Playing (RPG),65,0.04,17.95,DS,E,2008,13.25
Jackass: The Game,1,Action,58,0.08,17.95,PSP,E,2007,-1
Jam Sessions,1,Educational / Simulation,72,0.38,8.95,DS,T,2007,0.25
Jeanne d'Arc,1,Role-Playing (RPG) / Strategy,87,0.21,19.95,PSP,T,2007,37.01666667
Juiced 2: Hot Import Nights,2,Racing / Driving,68,0.23,14.95,X360,E,2007,15.6
Juiced 2: Hot Import Nights,1,Racing / Driving,72,0.23,13.95,DS,T,2007,15.6
Juiced 2: Hot Import Nights,1,Racing / Driving,71,0.18,17.95,PS3,T,2007,15.6
Juiced 2: Hot Import Nights,1,Racing / Driving,73,0.05,16.95,PSP,E,2007,15.6
Just Cause,1,Action / Racing / Driving,73,0.09,16.95,X360,E,2006,10
Justice League Heroes,1,Action,72,0.17,17.95,PSP,M,2006,5
Justice League Heroes,1,Action,43,0.08,17.95,DS,E,2006,5
Kameo: Elements of Power,1,Action,79,0.31,11.95,X360,T,2005,10.2
Kane & Lynch: Dead Men,2,Action,65,0.38,14.95,X360,E,2007,6
Kane & Lynch: Dead Men,2,Action,64,0.29,19.95,PS3,E,2007,6
Killzone: Liberation,1,Action / Strategy,77,0.32,16.95,PSP,M,2006,8
King of Clubs,1,Sports,35,0.06,14.95,Wii,E,2007,-1
Kingdom of Paradise,2,Action / Role-Playing (RPG),72,0.13,12.95,PSP,E,2005,23
Kingdom Under Fire: Circle of Doom,1,Action / Role-Playing (RPG),55,0.15,14.95,X360,E,2007,55
Kirby Super Star Ultra,1,Action,76,1.6,24.95,DS,M,2008,8.633333333
Kirby: Canvas Curse,1,Action,86,0.37,17.95,DS,T,2005,5.666666667
Kirby: Squeak Squad,1,Action,71,0.82,27.95,DS,T,2006,5
Klonoa: Door to Phantomile,1,Action,77,0.09,17.95,Wii,T,2008,4.133333333
Knights in the Nightmare,1,Role-Playing (RPG) / Strategy,76,0.06,29.95,DS,M,2008,28.85
Kororinpa: Marble Mania,2,Action / Strategy,69,0.08,17.95,Wii,T,2006,-1
Kung Fu Panda,4,Action,75,2.04,9.95,X360,E,2008,5
Kung Fu Panda,1,Action,71,0.56,17.95,DS,E,2008,5
Kung Fu Panda,4,Action,70,0.52,16.95,Wii,E,2008,5
Kung Fu Panda,1,Action,76,0.21,19.95,PS3,M,2008,5
Lair,1,Action,53,0.35,19.95,PS3,E,2007,10
Lara Croft Tomb Raider: Legend,1,Action / Racing / Driving,58,0.05,17.95,DS,E,2006,8
Left 4 Dead,2,Action,89,2.39,19.95,X360,M,2008,7
Legendary,1,Action,47,0.07,17.95,X360,T,2008,5.633333333
Legendary,1,Action,50,0.05,19.95,PS3,E,2008,5.633333333
LEGO Batman: The Videogame,2,Action,76,1.64,14.95,X360,T,2008,15
LEGO Batman: The Videogame,1,Action / Racing / Driving,72,1.39,17.95,DS,T,2008,15
LEGO Batman: The Videogame,2,Action,74,1.32,17.95,Wii,E,2008,15
LEGO Batman: The Videogame,1,Action,73,0.54,17.95,PSP,M,2008,15
LEGO Batman: The Videogame,2,Action,75,0.43,17.95,PS3,E,2008,15
LEGO Indiana Jones: The Original Adventures,2,Action,77,2.42,9.95,X360,M,2008,13.71666667
LEGO Indiana Jones: The Original Adventures,2,Action,78,1.42,16.95,Wii,E,2008,13.71666667
LEGO Indiana Jones: The Original Adventures,2,Action,77,0.38,17.95,PS3,E,2008,13.71666667
LEGO Indiana Jones: The Original Adventures,1,Action,76,0.34,17.95,PSP,E,2008,13.71666667
LEGO Star Wars II: The Original Trilogy,1,Action,47,1.02,17.95,DS,E,2006,15
LEGO Star Wars II: The Original Trilogy,2,Action,83,0.61,17.95,PSP,T,2006,15
LEGO Star Wars II: The Original Trilogy,2,Action,81,0.57,14.95,X360,E,2006,15
LEGO Star Wars: The Complete Saga,2,Action,80,3.03,17.95,Wii,M,2007,20
LEGO Star Wars: The Complete Saga,1,Action / Racing / Driving,80,2.66,17.95,DS,E,2007,20
LEGO Star Wars: The Complete Saga,2,Action,80,1.09,17.95,X360,T,2007,20
LEGO Star Wars: The Complete Saga,2,Action,80,0.85,17.95,PS3,M,2007,20
Lemmings,1,Strategy,76,0.11,17.95,PSP,E,2006,20.8
Let's Tap,1,Simulation,70,0.06,17.95,Wii,E,2008,-1
LifeSigns: Surgical Unit,1,Simulation / Strategy,61,0.01,22.95,DS,T,2005,30.51666667
Line Rider 2: Unbound,1,Simulation / Sports,59,0.07,8.95,DS,M,2008,-1
Link's Crossbow Training,1,Action,68,3.2,14.95,Wii,E,2007,2
LittleBigPlanet,4,Action,95,2.46,24.95,PS3,T,2008,10
Lock's Quest,1,Action / Adventure / Strategy,80,0.06,14.95,DS,E,2008,15
LocoRoco,1,Action / Strategy,83,0.13,17.95,PSP,T,2006,6
LocoRoco 2,1,Action / Strategy,85,0.17,11.95,PSP,M,2008,7.3
Looney Tunes: Acme Arsenal,1,Action,27,0.19,14.95,Wii,T,2007,3.15
Looney Tunes: Acme Arsenal,4,Action,40,0.07,17.95,X360,M,2007,3.15
Looney Tunes: Cartoon Conductor,1,Action,67,0.04,13.95,DS,M,2008,4.75
Lost in Blue,1,Role-Playing (RPG),69,0.07,24.95,DS,T,2005,25
Lost in Blue 2,1,Role-Playing (RPG),58,0.01,17.95,DS,T,2007,-1
Lost in Blue 3,1,Role-Playing (RPG),59,0.1,17.95,DS,M,2008,-1
Lost Odyssey,1,Role-Playing (RPG),78,0.45,19.95,X360,T,2007,65.38333333
Lost Planet: Extreme Condition,1,Action,79,1.15,12.95,X360,M,2006,9
Lost Planet: Extreme Condition,1,Action,67,0.29,16.95,PS3,T,2008,9
Lost: Via Domus,1,Action / Adventure,54,0.17,16.95,PS3,T,2008,5.633333333
Lost: Via Domus,1,Action / Adventure,55,0.15,17.95,X360,M,2008,5.633333333
LostMagic,1,Action / Role-Playing (RPG),68,0.09,14.95,DS,T,2006,12
Lumines II,2,Strategy,81,0.12,14.95,PSP,E,2006,14.5
Lumines: Puzzle Fusion,1,Strategy,89,0.56,14.95,PSP,E,2004,10
Luminous Arc,1,Role-Playing (RPG) / Strategy,70,0.17,24.95,DS,T,2007,24.31666667
Lunar Knights,1,Action,82,0.18,16.95,DS,T,2007,15.25
Lunar: Dragon Song,1,Role-Playing (RPG),59,0.12,14.95,DS,M,2005,24.66666667
Madagascar,1,Adventure,66,0.27,14.95,DS,E,2005,6
Madagascar: Escape 2 Africa,1,Action / Adventure,55,0.32,17.95,DS,T,2008,6.5
Madagascar: Escape 2 Africa,4,Action,58,0.1,24.95,PS3,M,2008,6.5
Madagascar: Escape 2 Africa,4,Action,62,0.1,19.95,X360,T,2008,6.5
Madden NFL 06,1,Sports,75,0.75,7.95,PSP,E,2005,3.75
Madden NFL 06,2,Sports,74,0.62,4.95,X360,E,2005,3.75
Madden NFL 06,1,Sports,66,0.12,9.95,DS,E,2005,3.75
Madden NFL 07,2,Sports,80,1.77,4.95,X360,E,2006,-1
Madden NFL 07,1,Sports,78,0.83,9.95,PSP,E,2006,-1
Madden NFL 07,2,Sports,76,0.49,6.95,PS3,T,2006,-1
Madden NFL 07,4,Sports,81,0.48,9.95,Wii,E,2006,-1
Madden NFL 08,4,Sports,85,2.32,9.95,X360,E,2007,17
Madden NFL 08,4,Sports,81,0.94,9.95,PS3,T,2007,17
Madden NFL 08,4,Sports,76,0.86,12.95,Wii,M,2007,17
Madden NFL 08,1,Sports,75,0.64,9.95,PSP,E,2007,17
Madden NFL 09,4,Sports,83,2.33,14.95,X360,T,2008,14.51666667
Madden NFL 09,4,Sports,85,1.66,14.95,PS3,E,2008,14.51666667
Madden NFL 09,4,Sports,68,0.68,14.95,PSP,T,2008,14.51666667
Madden NFL 2005,1,Sports,68,0.25,8.95,DS,T,2004,-1
Magical Starsign,1,Role-Playing (RPG),69,0.1,9.95,DS,E,2006,28.78333333
Magnetica,1,Action / Strategy,68,0.09,17.95,DS,T,2006,9.933333333
Major League Baseball 2K6,2,Sports,66,0.37,4.95,X360,T,2006,8
Major League Baseball 2K6,1,Sports,69,0.12,4.95,PSP,M,2006,8
Major League Baseball 2K7,2,Sports,79,0.7,9.95,X360,E,2007,-1
Major League Baseball 2K7,2,Sports,74,0.24,7.95,PS3,M,2007,-1
Major League Baseball 2K9,1,Sports,64,0.58,14.95,X360,E,2008,-1
Manhunt 2,1,Action,62,0.26,19.95,Wii,E,2007,9.5
Manhunt 2,1,Action,69,0.04,7.95,PSP,T,2007,9.5
Mario & Luigi: Partners in Time,1,Action / Role-Playing (RPG),86,0.75,29.95,DS,E,2005,18.65
Mario & Sonic at the Olympic Games,4,Action / Sports,67,2.74,29.95,Wii,E,2007,9
Mario & Sonic at the Olympic Games,1,Action / Sports,70,1.74,24.95,DS,T,2008,9
Mario Hoops 3 on 3,1,Sports,69,1.03,22.95,DS,M,2006,4.25
Mario Kart DS,1,Racing / Driving,91,9.99,29.95,DS,E,2005,9.083333333
Mario Kart Wii,4,Racing / Driving,82,12.39,29.95,Wii,T,2008,9.116666667
Mario Party 8,4,Action / Strategy,62,3.84,39.95,Wii,T,2007,5
Mario Party DS,1,Action / Strategy,72,4.34,27.95,DS,T,2007,6.866666667
Mario Strikers Charged,4,Action / Sports,79,0.93,29.95,Wii,E,2007,12
Mario vs. Donkey Kong 2: March of the Minis,1,Action,76,0.77,27.95,DS,T,2006,4.75
Marvel Nemesis: Rise of the Imperfects ,1,Action,58,0.31,17.95,PSP,T,2005,4.583333333
Marvel Nemesis: Rise of the Imperfects ,1,Action,34,0.08,14.95,DS,T,2005,4.583333333
Marvel Trading Card Game,1,Strategy,61,0.1,16.95,DS,M,2007,-1
Marvel Ultimate Alliance,4,Action / Role-Playing (RPG),82,2.42,14.95,X360,T,2006,14
Marvel Ultimate Alliance,4,Action / Role-Playing (RPG),73,0.38,17.95,Wii,M,2006,14
Marvel Ultimate Alliance,1,Action / Role-Playing (RPG),81,0.34,22.95,PSP,E,2006,14
Marvel Ultimate Alliance,4,Action / Role-Playing (RPG),78,0.33,24.95,PS3,M,2006,14
Mass Effect,1,Action / Role-Playing (RPG),91,1.57,17.95,X360,T,2007,25
Master of Illusion,1,Strategy,69,0.14,14.95,DS,E,2006,4.1
Master of the Monster Lair,1,Role-Playing (RPG),63,0.06,14.95,DS,M,2008,-1
MechAssault: Phantom War,1,Action,66,0.03,12.95,DS,E,2006,7
Medal of Honor: Airborne,2,Action,73,0.45,17.95,X360,E,2007,6
Medal of Honor: Heroes,1,Action,71,0.81,14.95,PSP,E,2006,5
Medal of Honor: Heroes 2,1,Action,69,0.5,17.95,PSP,E,2007,5
Medal of Honor: Heroes 2,1,Action,73,0.34,19.95,Wii,E,2007,5
Medal of Honor: Vanguard,1,Action,56,0.05,17.95,Wii,T,2007,3.633333333
MediEvil Resurrection,1,Action,66,0.19,17.95,PSP,T,2005,9.716666667
Mega Man Battle Network 5: Double Team DS,1,Action / Role-Playing (RPG),68,0.06,17.95,DS,E,2005,35
Mega Man Maverick Hunter X,1,Action,79,0.25,17.95,PSP,E,2005,5.683333333
Mega Man Powered Up,1,Action,82,0.11,16.95,PSP,E,2006,5.75
Mega Man Star Force 2: Zerker X Ninja,1,Action / Role-Playing (RPG),55,0.24,17.95,DS,T,2008,20
Mega Man Star Force: Dragon,1,Action / Role-Playing (RPG),60,0.41,27.95,DS,T,2007,20
Mega Man ZX,1,Action,76,0.14,19.95,DS,T,2006,10.96666667
Mega Man ZX Advent,1,Action,78,0.22,17.95,DS,T,2007,10.93333333
Mercenaries 2: World in Flames,1,Action,72,0.66,14.95,X360,E,2008,20.26666667
Mercenaries 2: World in Flames,1,Action,72,0.27,15.95,PS3,E,2008,20.26666667
Mercury Meltdown,1,Strategy,78,0.05,12.95,PSP,M,2006,-1
Mercury Meltdown,2,Strategy,77,0.14,12.95,Wii,E,2007,-1
Metal Gear Ac!d,1,Strategy,75,0.34,17.95,PSP,E,2004,21.26666667
Metal Gear Ac!d 2,1,Strategy,80,0.12,12.95,PSP,E,2005,15
Metal Gear Solid 4: Guns of the Patriots,1,Action,94,2.58,22.95,PS3,T,2008,18.9
Metal Gear Solid: Digital Graphic Novel,1,Adventure,78,0.02,17.95,PSP,T,2006,3.033333333
Metal Gear Solid: Portable Ops,1,Action / Strategy,87,0.39,17.95,PSP,T,2006,12.08333333
Metal Slug 7,1,Action,70,0.09,17.95,DS,M,2008,0.983333333
Metal Slug Anthology,4,Action,73,0.11,16.95,Wii,T,2006,7
Meteos,1,Strategy,88,0.16,15.95,DS,E,2005,14.1
Meteos: Disney Magic,1,Strategy,74,0.02,12.95,DS,T,2007,-1
Metroid Prime 3: Corruption,1,Action,90,0.91,19.95,Wii,T,2007,15.55
Metroid Prime Pinball,1,Action / Simulation,79,0.22,17.95,DS,E,2005,5
Metroid Prime: Hunters,1,Action,85,0.58,27.95,DS,E,2006,8.733333333
Micro Machines V4,2,Action / Racing / Driving,61,0.01,17.95,PSP,E,2006,-1
Midnight Club 3: DUB Edition,1,Racing / Driving,74,1.69,14.95,PSP,T,2005,48
Midnight Club: Los Angeles,1,Racing / Driving,81,1.15,22.95,X360,E,2008,31.03333333
Midnight Club: Los Angeles,1,Racing / Driving,82,1.09,22.95,PS3,M,2008,31.03333333
Mirror's Edge,1,Action,79,0.5,14.95,X360,T,2008,6.333333333
Mirror's Edge,1,Action,79,0.29,14.95,PS3,T,2008,6.333333333
MLB 06: The Show,2,Sports,83,0.35,9.95,PSP,T,2006,-1
MLB 07: The Show,2,Sports,77,0.3,9.95,PS3,T,2007,-1
MLB 07: The Show,1,Sports,82,0.28,9.95,PSP,E,2007,-1
MLB 08: The Show,2,Sports,85,0.67,12.95,PS3,E,2008,10
MLB 08: The Show,1,Sports,83,0.33,14.95,PSP,M,2008,10
MLB Power Pros 2008,2,Sports,83,0.12,22.95,Wii,E,2008,-1
Monster 4x4: World Circuit,4,Racing / Driving,51,0.82,12.95,Wii,E,2006,-1
Monster House,1,Action,62,0.15,14.95,DS,M,2006,6.666666667
Monster Hunter Freedom,1,Action / Strategy,71,0.25,12.95,PSP,E,2006,101.1
Monster Hunter Freedom 2,1,Action / Strategy,72,0.38,12.95,PSP,T,2007,68
Monster Jam,4,Sports,43,0.18,17.95,X360,M,2007,-1
Monster Madness: Battle for Suburbia,4,Action,55,0.08,14.95,X360,E,2007,-1
Mortal Kombat vs. DC Universe,2,Action,76,1.13,24.95,PS3,E,2008,4
Mortal Kombat vs. DC Universe,2,Action,72,0.98,24.95,X360,M,2008,4
Mortal Kombat: Armageddon,4,Action / Racing / Driving,71,0.16,24.95,Wii,E,2007,8.333333333
Mortal Kombat: Unchained,2,Action,70,0.67,17.95,PSP,E,2006,4.366666667
MotoGP,1,Racing / Driving / Sports,69,0.03,32.95,PSP,E,2006,7.5
MotoGP '06,4,Racing / Driving / Simulation / Sports,80,0.12,14.95,X360,M,2006,-1
MotoGP 08,1,Racing / Driving / Simulation / Sports,68,0.1,16.95,X360,T,2008,-1
MotoGP 08,1,Racing / Driving / Simulation / Sports,65,0.06,17.95,PS3,T,2008,-1
MotorStorm,1,Action / Racing / Driving / Sports,82,1.58,16.95,PS3,T,2006,15
MotorStorm: Pacific Rift,4,Action / Racing / Driving / Sports,82,0.37,29.95,PS3,T,2008,32.5
Mr. DRILLER: Drill Spirits,1,Action,72,0.09,14.95,DS,T,2004,9.883333333
MTX Mototrax,1,Racing / Driving / Sports,67,0.05,19.95,PSP,M,2006,-1
Mushroom Men: The Spore Wars,2,Action,72,0.12,17.95,Wii,E,2008,5.95
MVP Baseball,1,Sports,67,0.21,4.95,PSP,M,2005,-1
MX vs. ATV Untamed,2,Racing / Driving,70,0.48,17.95,X360,T,2007,12
MX vs. ATV Untamed,2,Racing / Driving,67,0.33,17.95,PS3,T,2007,12
MX vs. ATV Untamed,1,Racing / Driving,61,0.11,17.95,DS,E,2007,12
MX vs. ATV Untamed,1,Educational,59,0.27,16.95,PSP,T,2008,12
MX vs. ATV Untamed,1,Racing / Driving,70,0.22,24.95,Wii,E,2008,12
My Word Coach,1,Educational,71,0.37,15.95,DS,T,2007,-1
MySims,1,Simulation / Strategy,68,0.94,17.95,Wii,T,2007,7.283333333
Myst,1,Adventure,43,0.06,24.95,DS,E,2007,7.05
Mystery Case Files: MillionHeir,1,Adventure,65,0.76,17.95,DS,T,2008,7.166666667
Mystery Dungeon: Shiren the Wanderer,1,Action / Role-Playing (RPG),69,0.17,17.95,DS,T,2006,33
N+,1,Action,82,0.06,14.95,DS,M,2008,18
Namco Museum DS,1,Action,67,0.8,17.95,DS,E,2007,10
Namco Museum: Virtual Arcade,1,Action / Racing / Driving,63,0.24,17.95,X360,T,2008,-1
Nanostray,1,Action,71,0.06,17.95,DS,E,2005,1.2
Nanostray 2,1,Action,75,0.04,12.95,DS,M,2008,3
NASCAR 07,1,Racing / Driving / Simulation,66,0.09,24.95,PSP,T,2006,-1
NASCAR 08,1,Racing / Driving / Sports,59,0.25,12.95,X360,E,2007,-1
NASCAR 08,1,Racing / Driving / Sports,57,0.15,14.95,PS3,M,2007,-1
NASCAR 09,1,Racing / Driving / Sports,69,0.24,19.95,X360,T,2008,-1
NASCAR 09,1,Racing / Driving / Sports,65,0.22,22.95,PS3,E,2008,-1
NBA 06,1,Sports,72,0.22,9.95,PSP,E,2005,4
NBA 07,4,Sports,63,0.23,6.95,PS3,T,2006,-1
NBA 08,4,Sports,63,0.12,9.95,PS3,M,2007,-1
NBA 08,2,Sports,75,0.03,7.95,PSP,E,2007,-1
NBA 09: The Inside,4,Sports,63,0.11,14.95,PS3,M,2008,-1
NBA 2K6 ,1,Sports,81,0.22,4.95,X360,E,2005,0.533333333
NBA 2K7,7,Sports,80,0.31,7.95,PS3,E,2006,8.183333333
NBA 2K7 ,1,Sports,84,0.56,4.95,X360,E,2006,8.183333333
NBA 2K8,7,Sports,81,0.5,9.95,PS3,M,2007,4
NBA 2K8 ,1,Sports,81,0.83,9.95,X360,M,2007,4
NBA 2K9,7,Sports,82,0.58,14.95,PS3,E,2008,-1
NBA 2K9 ,1,Sports,84,1.07,12.95,X360,E,2008,-1
NBA Ballers: Chosen One,4,Sports,55,0.17,9.95,X360,T,2008,-1
NBA Ballers: Chosen One,4,Sports,54,0.1,14.95,PS3,M,2008,-1
NBA Live 06,1,Sports,80,0.42,9.95,PSP,E,2005,4
NBA LIVE 06 ,1,Sports,64,0.29,4.95,X360,E,2005,4
NBA Live 07,1,Sports,64,0.51,7.95,PSP,E,2006,-1
NBA LIVE 07 ,1,Sports,59,0.42,4.95,X360,T,2006,-1
NBA Live 08,4,Sports,73,0.6,9.95,PS3,M,2007,-1
NBA Live 08,1,Sports,73,0.3,14.95,PSP,E,2007,-1
NBA Live 08,1,Sports,52,0.14,14.95,Wii,M,2007,-1
NBA LIVE 08 ,1,Sports,73,0.49,9.95,X360,T,2007,-1
NBA Street Homecourt,4,Sports,80,0.47,7.95,X360,T,2007,7.716666667
NBA Street Homecourt,4,Sports,81,0.11,14.95,PS3,E,2007,7.716666667
NCAA 07 March Madness,4,Sports,67,0.17,7.95,X360,E,2007,-1
NCAA Football 07,2,Sports,79,0.7,4.95,X360,E,2006,-1
NCAA Football 07,1,Sports,75,0.36,9.95,PSP,T,2006,-1
NCAA Football 08,2,Sports,81,0.68,9.95,X360,E,2007,12
NCAA Football 08,2,Sports,77,0.36,9.95,PS3,T,2007,12
NCAA Football 09,4,Sports,83,0.68,14.95,X360,T,2008,-1
NCAA Football 09,4,Sports,81,0.56,14.95,PS3,E,2008,-1
NCAA March Madness 08,4,Sports,67,0.08,12.95,PS3,E,2007,-1
Need for Speed Underground 2,1,Racing / Driving,65,0.11,22.95,DS,T,2005,20
Need for Speed Underground: Rivals,4,Racing / Driving,74,0.73,17.95,PSP,E,2005,20.46666667
Need for Speed: Carbon,2,Racing / Driving,77,0.78,16.95,X360,E,2006,13.6
Need for Speed: Carbon,2,Racing / Driving,75,0.47,17.95,PS3,T,2006,13.6
Need for Speed: Carbon,2,Racing / Driving,67,0.47,17.95,Wii,M,2006,13.6
Need for Speed: Carbon - Own the City,1,Racing / Driving,73,0.93,16.95,PSP,E,2006,18.03333333
Need for Speed: Carbon - Own the City,1,Action / Racing / Driving,70,0.19,14.95,DS,T,2006,18.03333333
Need for Speed: Most Wanted,2,Racing / Driving,83,0.95,17.95,X360,E,2005,12
Need for Speed: Most Wanted,1,Racing / Driving,45,0.25,15.95,DS,E,2005,12
Need for Speed: Most Wanted 5-1-0,1,Racing / Driving,72,1.67,14.95,PSP,M,2005,10.33333333
Need for Speed: ProStreet,2,Racing / Driving,72,1.1,16.95,X360,T,2007,12
Need for Speed: ProStreet,2,Racing / Driving,73,0.75,16.95,PS3,T,2007,12
Need for Speed: ProStreet,2,Racing / Driving,61,0.49,16.95,Wii,M,2007,12
Need for Speed: Undercover,1,Racing / Driving,64,0.66,17.95,X360,E,2008,11.2
Need for Speed: Undercover,1,Racing / Driving,59,0.59,17.95,PS3,E,2008,11.2
Need for Speed: Undercover,4,Racing / Driving,54,0.27,27.95,Wii,E,2008,11.2
Neopets Puzzle Adventure,1,Adventure / Role-Playing (RPG) / Strategy,70,0.25,17.95,DS,T,2008,3
Neopets Puzzle Adventure,1,Role-Playing (RPG) / Strategy,52,0.14,14.95,Wii,E,2008,3
Nervous Brickdown,1,Action,70,0.01,17.95,DS,E,2007,8
New International Track & Field,1,Action / Sports,73,0.05,14.95,DS,M,2008,-1
New Super Mario Bros.,1,Action,89,10.03,27.95,DS,T,2006,9
NFL Head Coach 09,1,Simulation / Sports / Strategy,64,0.1,14.95,PS3,T,2008,-1
NFL Head Coach 09,1,Simulation / Sports / Strategy,67,0.1,12.95,X360,E,2008,-1
NFL Street 2,4,Sports,73,0.37,17.95,PSP,T,2005,-1
NFL Street 3,1,Action / Sports,68,0.24,14.95,PSP,T,2006,-1
NFL Tour,1,Action / Sports,49,0.1,12.95,X360,M,2008,-1
NFL Tour,4,Action / Sports,45,0.09,14.95,PS3,E,2008,-1
NHL 07,4,Sports,76,0.14,12.95,PSP,M,2006,9
NHL 07 ,1,Sports,79,0.26,5.95,X360,T,2006,9
NHL 08,7,Sports,86,0.17,9.95,PS3,T,2007,17.5
NHL 08 ,1,Sports,85,0.22,9.95,X360,E,2007,17.5
NHL 09,1,Sports,88,0.31,19.95,PS3,M,2008,20
NHL 09 ,1,Sports,88,0.48,14.95,X360,E,2008,20
NHL 2K6 ,1,Sports,75,0.1,5.95,X360,T,2005,2.5
NHL 2K8,7,Sports,74,0.08,9.95,PS3,E,2007,-1
NHL 2K8 ,1,Sports,71,0.12,6.95,X360,T,2007,-1
NHL 2K9,1,Sports,70,0.1,14.95,PS3,T,2008,-1
NHL 2K9,1,Sports,65,0.06,14.95,Wii,T,2008,-1
NHL 2K9 ,1,Sports,69,0.15,14.95,X360,T,2008,-1
Nicktoons: Attack of the Toybots,1,Action,60,0.4,14.95,Wii,T,2007,-1
NiGHTS: Journey of Dreams,2,Action,69,0.3,14.95,Wii,M,2007,6.616666667
Ninja Gaiden Sigma,1,Action,88,0.57,19.95,PS3,E,2007,14.53333333
Ninja Gaiden: Dragon Sword,1,Action,83,0.16,12.95,DS,E,2008,5.383333333
Ninja Reflex,4,Action,49,0.09,14.95,Wii,E,2008,3.833333333
Ninja Reflex,1,Action,54,0.08,12.95,DS,T,2008,3.833333333
Ninjatown,1,Strategy,80,0.12,19.95,DS,T,2008,15
Nintendogs,1,Simulation,83,9.72,26.95,DS,E,2005,27.98333333
Nitrobike,4,Action / Racing / Driving / Sports,49,0.12,14.95,Wii,E,2008,-1
No More Heroes,1,Action / Racing / Driving,83,0.29,17.95,Wii,M,2007,13
ObsCure: The Aftermath,1,Action,53,0.1,16.95,Wii,T,2008,7.333333333
Octomania,1,Action / Strategy,66,0.04,14.95,Wii,M,2007,-1
Onechanbara: Bikini Samurai Squad,1,Action,39,0.09,19.95,X360,E,2006,7.833333333
Ontamarama,1,Action,71,0.05,17.95,DS,M,2007,1
Open Season,1,Action,72,0.13,17.95,DS,T,2006,3.75
Open Season,4,Action,59,0.11,14.95,X360,E,2006,3.75
Open Season,4,Action,49,0.07,17.95,Wii,M,2006,3.75
Orcs & Elves,1,Action / Role-Playing (RPG),68,0.03,14.95,DS,T,2007,5
Order Up!,1,Action / Simulation,76,0.18,17.95,Wii,T,2008,6
OutRun 2006: Coast 2 Coast,1,Racing / Driving,82,0.03,17.95,PSP,E,2006,4
Over G Fighters,2,Simulation,49,0.18,17.95,X360,E,2006,-1
Over the Hedge,1,Adventure,71,0.26,16.95,DS,E,2006,5.933333333
Overlord,1,Action / Strategy,76,0.35,17.95,X360,M,2007,20
Overlord: Raising Hell,2,Action / Strategy,72,0.05,17.95,PS3,T,2008,14.5
Pac-Man World 3,1,Action,61,0.06,24.95,PSP,E,2005,8
Pac-Man World Rally,1,Action / Racing / Driving,51,0.04,17.95,PSP,T,2006,2.75
PaRappa the Rapper,1,Action,67,0.07,12.95,PSP,T,2006,1.416666667
Patapon,1,Action / Strategy,86,0.3,17.95,PSP,T,2008,16.78333333
Perfect Dark Zero,4,Action,79,0.7,17.95,X360,E,2005,8
Peter Jackson's King Kong: The Official Game of...,2,Action,80,0.32,14.95,X360,T,2005,7
Phantasy Star Universe,1,Role-Playing (RPG),64,0.09,24.95,X360,E,2006,28.93333333
Phoenix Wright: Ace Attorney,1,Adventure / Simulation,81,0.38,24.95,DS,E,2005,19.05
Phoenix Wright: Ace Attorney - Justice for All,1,Adventure / Simulation,76,0.17,13.95,DS,E,2006,18.3
Phoenix Wright: Ace Attorney - Trials and Tribu...,1,Adventure / Simulation,81,0.27,17.95,DS,T,2007,21.03333333
Picross DS,1,Strategy,83,0.17,17.95,DS,E,2007,50.68333333
Pinball Hall of Fame: The Gottlieb Collection,4,Action,73,0.21,9.95,PSP,T,2005,-1
Pinball Hall of Fame: The Williams Collection,1,Simulation,82,0.41,17.95,Wii,T,2008,27.5
Pinball Hall of Fame: The Williams Collection,4,Simulation,78,0.09,17.95,PSP,T,2008,27.5
Pipe Mania,1,Strategy,71,0.06,14.95,DS,T,2008,-1
Pipe Mania,1,Strategy,74,0.04,12.95,PSP,T,2008,-1
Pirates of the Caribbean: Dead Man's Chest,1,Action,52,0.26,14.95,PSP,T,2006,2.5
Pirates of the Caribbean: Dead Man's Chest,1,Action,63,0.24,11.95,DS,E,2006,2.5
Planet Puzzle League,1,Strategy,86,0.16,17.95,DS,E,2007,0.316666667
Platypus,2,Action,59,0.01,14.95,PSP,T,2006,1.25
Point Blank DS,1,Action,66,0.04,17.95,DS,M,2006,0.15
Pokmon Battle Revolution,4,Action / Strategy,53,0.81,39.95,Wii,T,2006,15.41666667
Pokmon Dash,1,Racing / Driving,46,0.22,24.95,DS,T,2004,1.183333333
Pokmon Diamond,1,Role-Playing (RPG),85,6.77,27.95,DS,E,2006,58
Pokmon Mystery Dungeon: Blue Rescue Team,1,Role-Playing (RPG),62,1.22,14.95,DS,T,2005,25.61666667
Pokmon Mystery Dungeon: Explorers of Darkness,1,Role-Playing (RPG),59,1.91,15.95,DS,E,2007,23.9
Pokmon Mystery Dungeon: Explorers of Time,1,Role-Playing (RPG),59,1.91,24.95,DS,T,2007,23.9
Pokmon Pearl,1,Role-Playing (RPG),85,6.77,26.95,DS,E,2006,58
Pokmon Ranger,1,Role-Playing (RPG),69,1.36,19.95,DS,E,2006,13.41666667
Pokmon Ranger: Shadows of Almia,1,Action / Role-Playing (RPG),68,0.99,24.95,DS,T,2008,25
Pokmon Trozei!,1,Strategy,74,0.26,19.95,DS,E,2005,2.933333333
Pokmon: Platinum Version,1,Adventure / Role-Playing (RPG),83,2.86,27.95,DS,T,2008,43
Polarium,1,Strategy,73,0.12,8.95,DS,E,2004,6
Power Stone Collection,1,Action,74,0.08,14.95,PSP,M,2006,8.366666667
PQ: Practical Intelligence Quotient,1,Strategy,69,0.08,14.95,PSP,E,2005,-1
Prey,1,Action,79,0.27,14.95,X360,T,2006,8
Prince of Persia,1,Action,81,0.53,16.95,X360,T,2008,13
Prince of Persia,1,Action,85,0.48,17.95,PS3,T,2008,13
Prince of Persia: Revelations,1,Action,65,0.17,6.95,PSP,E,2005,-1
Prism: Light the Way,1,Action / Strategy,73,0.03,16.95,DS,T,2007,-1
Pro Evolution Soccer 2008,4,Sports,76,0.08,14.95,X360,M,2007,70
Pro Evolution Soccer 2008,7,Sports,74,0.04,17.95,PS3,E,2007,70
Pro Evolution Soccer 2008,2,Sports,83,0.1,17.95,Wii,T,2008,70
Professor Layton and the Curious Village,1,Adventure / Educational / Strategy,85,1.26,23.95,DS,E,2007,13.88333333
Project Sylpheed: Arc of Deception,1,Action,64,0.09,14.95,X360,T,2006,4.833333333
Pure,1,Racing / Driving / Sports,85,1.43,12.95,X360,T,2008,13
Pure,1,Racing / Driving / Sports,83,0.36,17.95,PS3,M,2008,13
Pursuit Force,1,Action / Racing / Driving,75,0.14,14.95,PSP,M,2005,10
Pursuit Force: Extreme Justice,1,Action / Racing / Driving,73,0.05,14.95,PSP,E,2007,8
Puyo Pop Fever,1,Action / Strategy,76,0.04,19.95,DS,E,2004,2
Puzzle Quest: Challenge of the Warlords,1,Role-Playing (RPG) / Strategy,82,0.3,17.95,DS,E,2007,40
Puzzle Quest: Challenge of the Warlords,1,Role-Playing (RPG) / Strategy,84,0.01,17.95,PSP,T,2007,40
Quake 4,1,Action,75,0.27,14.95,X360,E,2005,8.45
R-Type Command,1,Strategy,69,0.02,14.95,PSP,M,2007,31.9
Raiden IV,2,Action,63,0.09,32.95,X360,T,2008,0.833333333
Rampage: Total Destruction,4,Action,46,0.19,16.95,Wii,E,2006,5
Ratatouille,1,Action,62,0.43,19.95,Wii,T,2007,12.5
Ratatouille,4,Action,56,0.22,16.95,X360,T,2007,12.5
Ratatouille,1,Action,55,0.09,17.95,PS3,T,2007,12.5
Ratchet & Clank Future: Tools of Destruction,1,Action,89,0.86,22.95,PS3,E,2007,14
Ratchet & Clank: Size Matters,1,Action,85,1.47,14.95,PSP,E,2007,7.116666667
Rayman Raving Rabbids,4,Action,76,1.26,17.95,Wii,T,2006,6.183333333
Rayman Raving Rabbids,4,Action,67,0.17,16.95,X360,M,2007,6.183333333
Rayman Raving Rabbids,1,Action,56,0.12,17.95,DS,M,2007,6.183333333
Rayman Raving Rabbids 2,4,Action,67,0.84,17.95,Wii,T,2007,5
Rayman Raving Rabbids TV Party,4,Action / Racing / Driving / Sports / Strategy,73,0.74,17.95,Wii,T,2008,-1
Red Steel,4,Action,63,0.58,14.95,Wii,T,2006,8.25
Rengoku: The Tower of Purgatory,1,Action / Role-Playing (RPG),43,0.11,12.95,PSP,E,2005,4.716666667
Resident Evil 4,1,Action,91,1.24,16.95,Wii,T,2007,17.5
Resident Evil: Deadly Silence,1,Action,71,0.1,17.95,DS,E,2006,6.166666667
Resident Evil: The Umbrella Chronicles,2,Action,75,0.69,19.95,Wii,T,2007,9
Resistance 2,2,Action,87,1.11,24.95,PS3,E,2008,10
Resistance: Fall of Man,4,Action,86,1.61,19.95,PS3,E,2006,12
Retro Atari Classics,1,Action / Racing / Driving / Simulation,51,0.12,12.95,DS,E,2005,-1
Retro Game Challenge,1,Action / Racing / Driving / Role-Playing (RPG),77,0.05,17.95,DS,T,2007,10.33333333
Rhapsody: A Musical Adventure,1,Role-Playing (RPG),67,0.03,12.95,DS,M,2008,10
Rhythm Heaven,1,Action,83,0.45,24.95,DS,T,2008,8.666666667
Ridge Racer,1,Racing / Driving,88,0.36,19.95,PSP,E,2004,0.883333333
Ridge Racer 6,2,Racing / Driving,74,0.1,14.95,X360,E,2005,8
Ridge Racer 7,2,Racing / Driving,78,0.23,19.95,PS3,E,2006,12.5
Ridge Racer DS,1,Racing / Driving,63,0.15,9.95,DS,E,2004,2.233333333
River King: Mystic Valley,1,Adventure / Simulation / Sports,54,0.08,24.95,DS,T,2007,-1
Riviera: The Promised Land,1,Role-Playing (RPG),68,0.07,17.95,PSP,M,2006,24.26666667
Rock Band,4,Action / Simulation,92,2.02,14.95,X360,E,2007,8
Rock Band,4,Action / Simulation,92,1.01,14.95,PS3,M,2007,8
Rock Band,2,Action / Simulation,92,1.4,17.95,Wii,T,2008,8
Rock Band 2,4,Action / Simulation,92,1.85,19.95,X360,E,2008,12.5
Rock Band 2,1,Action / Simulation,91,1.11,24.95,PS3,E,2008,12.5
Rockstar Games presents Table Tennis,2,Sports,81,0.28,9.95,X360,M,2006,6
Rondo of Swords,1,Role-Playing (RPG) / Strategy,69,0.15,19.95,DS,E,2007,17.7
Rumble Roses XX,4,Action / Sports,62,0.06,17.95,X360,E,2006,126
Rune Factory 2: A Fantasy Harvest Moon,1,Action / Role-Playing (RPG) / Simulation,79,0.3,17.95,DS,T,2008,67.08333333
Rune Factory: A Fantasy Harvest Moon,1,Role-Playing (RPG) / Simulation,78,0.34,24.95,DS,T,2006,67.08333333
Saints Row,1,Action / Racing / Driving,81,1.23,14.95,X360,T,2006,20
Saints Row 2,1,Action / Racing / Driving,81,1.39,17.95,X360,E,2008,23.68333333
Saints Row 2,1,Action / Racing / Driving,82,0.81,17.95,PS3,M,2008,23.68333333
Samba de Amigo,2,Action,68,0.4,12.95,Wii,T,2008,8
Samurai Warriors 2,4,Action,52,0.07,14.95,X360,M,2006,47.5
Samurai Warriors 2: Empires,2,Action / Role-Playing (RPG) / Strategy,53,0.02,19.95,X360,E,2007,12.5
Samurai Warriors: Katana,1,Action,53,0.09,17.95,Wii,E,2008,-1
Samurai Warriors: State of War,1,Action,64,0.07,17.95,PSP,E,2006,10.5
SBK: Snowboard Kids,1,Action / Sports,63,0.02,19.95,DS,E,2006,6.316666667
Scarface: The World is Yours,1,Action / Racing / Driving,71,0.12,22.95,Wii,M,2007,23.06666667
Scooby-Doo! Unmasked,1,Action,60,0.08,17.95,DS,E,2005,8
Scurge: Hive,1,Action,70,0.04,8.95,DS,M,2006,9.816666667
Sea Monsters: A Prehistoric Adventure,1,Action / Educational,43,0.01,13.95,DS,T,2007,5
Secret Agent Clank,1,Action,72,0.05,23.95,PSP,M,2008,7.5
Secret Files: Tunguska,1,Adventure,71,0.03,17.95,DS,M,2008,9.333333333
Secret Files: Tunguska,2,Adventure,64,0.02,17.95,Wii,M,2008,9.333333333
SEGA Bass Fishing,1,Sports,59,0.34,17.95,Wii,E,2008,7
Sega Casino,1,Simulation,61,0.06,17.95,DS,M,2005,-1
SEGA Genesis Collection,2,Action / Racing / Driving / Role-Playing (RPG) / Strategy,82,0.55,17.95,PSP,T,2006,-1
SEGA Rally Revo,2,Racing / Driving / Simulation,77,0.1,14.95,X360,E,2007,34
SEGA Rally Revo,2,Racing / Driving / Simulation,75,0.07,16.95,PS3,T,2007,34
SEGA Rally Revo,1,Racing / Driving / Simulation,74,0.03,16.95,PSP,T,2007,34
Sega Superstars Tennis,4,Sports,67,1.84,9.95,X360,E,2008,8
Sega Superstars Tennis,1,Sports,65,0.29,14.95,DS,T,2008,8
Sega Superstars Tennis,4,Sports,71,0.28,12.95,Wii,E,2008,8
Sega Superstars Tennis,4,Sports,67,0.11,16.95,PS3,M,2008,8
Shadowrun,1,Action,66,0.38,12.95,X360,E,2007,27
Shaun White Snowboarding,1,Sports,60,0.47,14.95,X360,T,2008,-1
Shaun White Snowboarding,1,Sports,63,0.3,15.95,PS3,T,2008,-1
Shaun White Snowboarding,1,Racing / Driving / Sports,63,0.23,16.95,DS,T,2008,-1
Shaun White Snowboarding: Road Trip,1,Sports,78,0.95,14.95,Wii,E,2008,-1
Shrek SuperSlam,1,Action,56,0.18,11.95,DS,E,2005,1.5
Shrek the Third,2,Action,56,0.28,14.95,X360,E,2007,4.75
Shrek the Third,1,Adventure,70,0.28,16.95,DS,T,2007,4.75
Shrek the Third,2,Action,57,0.26,16.95,Wii,E,2007,4.75
Shrek the Third,1,Action,57,0.09,22.95,PSP,T,2007,4.75
Sid Meier's Civilization: Revolution,1,Strategy,84,0.49,24.95,X360,T,2008,6
Sid Meier's Civilization: Revolution,1,Simulation / Strategy,80,0.36,17.95,DS,M,2008,6
Silent Hill: 0rigins,1,Action,78,0.22,17.95,PSP,E,2007,6
Silent Hill: Homecoming,1,Action,70,0.22,17.95,X360,T,2008,9.6
Silent Hill: Homecoming,1,Action,71,0.16,17.95,PS3,E,2008,9.6
SimCity Creator,1,Simulation,67,0.37,24.95,Wii,E,2008,-1
SimCity Creator,1,Simulation,69,0.3,17.95,DS,M,2008,-1
SimCity DS,1,Simulation,69,0.29,14.95,DS,T,2007,3
SingStar,6,Simulation,82,0.43,14.95,PS3,E,2007,-1
SingStar ABBA,8,Action,70,0.24,17.95,PS3,T,2008,-1
skate it,4,Action / Sports,70,0.5,39.95,Wii,T,2008,-1
Smash Court Tennis 3,1,Sports,68,0.01,19.95,PSP,T,2007,-1
Smash Court Tennis 3,4,Simulation / Sports,55,0.06,14.95,X360,E,2008,-1
Snoopy vs. the Red Baron,1,Action,76,0.05,17.95,PSP,E,2006,6
SOCOM: U.S. Navy SEALs - Confrontation,1,Action,63,0.91,16.95,PS3,E,2008,10
SOCOM: U.S. Navy SEALs - Fireteam Bravo,1,Action,82,1.07,14.95,PSP,E,2005,8.583333333
SOCOM: U.S. Navy SEALs - Fireteam Bravo 2,1,Action,81,0.86,16.95,PSP,E,2006,-1
SOCOM: U.S. Navy SEALs - Tactical Strike,1,Action / Strategy,72,0.33,14.95,PSP,M,2007,-1
Soldier of Fortune: Payback,1,Action,50,0.16,13.95,X360,M,2007,3.25
Soldier of Fortune: Payback,1,Action,50,0.09,14.95,PS3,E,2007,3.25
Sonic and the Secret Rings,4,Action,69,1.08,16.95,Wii,E,2007,9.266666667
Sonic Chronicles: The Dark Brotherhood,1,Action / Role-Playing (RPG),74,0.52,17.95,DS,E,2008,20
Sonic Riders: Zero Gravity,4,Racing / Driving,56,0.45,16.95,Wii,T,2008,4.266666667
Sonic Rivals,1,Action / Racing / Driving,64,0.76,17.95,PSP,T,2006,6.5
Sonic Rivals 2,1,Action,60,0.46,22.95,PSP,M,2007,22
Sonic Rush,1,Action,82,1.2,14.95,DS,E,2005,6.216666667
Sonic Rush Adventure,1,Action / Sports,78,0.52,24.95,DS,T,2007,9
Sonic the Hedgehog,2,Action,46,0.41,14.95,X360,T,2007,3.133333333
Sonic the Hedgehog,2,Action,43,0.4,16.95,PS3,M,2007,3.133333333
Sonic Unleashed,1,Action,66,1.09,17.95,Wii,E,2008,13
Sonic Unleashed,1,Action / Adventure,54,0.42,17.95,PS3,T,2008,13
Sonic Unleashed,1,Action / Adventure,60,0.41,17.95,X360,E,2008,13
Soul Bubbles,1,Strategy,78,0.05,14.95,DS,T,2008,8.65
SoulCalibur IV,2,Action,85,0.87,19.95,X360,E,2008,5
SoulCalibur IV,2,Action,85,0.65,22.95,PS3,E,2008,5
Soulcalibur Legends,2,Action,52,0.16,16.95,Wii,E,2007,9.25
Space Bust-A-Move,1,Strategy,71,0.08,17.95,DS,M,2008,4.016666667
Space Chimps,2,Action / Adventure,57,0.07,14.95,X360,T,2008,2.4
Space Invaders Extreme,1,Action,85,0.11,16.95,DS,T,2008,-1
Space Invaders Extreme,1,Action,84,0.05,16.95,PSP,M,2008,-1
Space Invaders Revolution,1,Action,49,0.01,13.95,DS,E,2005,-1
Spectrobes,1,Action / Strategy,63,0.68,14.95,DS,E,2007,22.06666667
Spectrobes: Beyond the Portals,1,Action / Role-Playing (RPG),70,0.27,11.95,DS,M,2008,30.25
Speed Racer: The Videogame,2,Racing / Driving,69,0.34,16.95,Wii,M,2008,12.38333333
Speed Racer: The Videogame,1,Racing / Driving,75,0.28,17.95,DS,M,2008,12.38333333
Spider-Man 2,1,Action,61,0.45,14.95,DS,E,2004,10
Spider-Man 2,1,Action,67,0.38,14.95,PSP,M,2005,10
Spider-Man 3,1,Action,58,0.01,6.95,PSP,M,2006,10.31666667
Spider-Man 3,1,Action,63,0.5,11.95,X360,E,2007,10.31666667
Spider-Man 3,1,Action,53,0.45,14.95,Wii,T,2007,10.31666667
Spider-Man 3,1,Action,79,0.44,16.95,DS,M,2007,10.31666667
Spider-Man 3,1,Action,60,0.27,17.95,PS3,E,2007,10.31666667
Spider-Man: Friend or Foe,2,Action,60,0.27,17.95,X360,E,2007,9
Spider-Man: Friend or Foe,2,Action,59,0.13,17.95,Wii,T,2007,9
Spider-Man: Web of Shadows,1,Action,68,0.36,19.95,X360,E,2008,12
Spider-Man: Web of Shadows,1,Action,67,0.2,24.95,PS3,E,2008,12
Spider-Man: Web of Shadows,1,Action,77,0.09,15.95,DS,E,2008,12
SpongeBob Squarepants: Creature from the Krusty Krab,1,Action / Adventure,57,0.44,14.95,Wii,T,2006,6.833333333
SpongeBob SquarePants: The Yellow Avenger,1,Action,67,0.31,13.95,DS,E,2005,11.85
SpongeBob SquarePants: The Yellow Avenger,1,Action,48,0.49,12.95,PSP,T,2006,11.85
Spore Creatures,1,Adventure / Simulation,65,0.7,14.95,DS,T,2008,-1
Sprung,1,Adventure,48,0.06,8.95,DS,E,2004,17.75
Spyro: Shadow Legacy,1,Role-Playing (RPG),50,0.15,17.95,DS,E,2005,4.5
SSX Blur,4,Sports,74,0.31,17.95,Wii,E,2007,10
SSX on Tour,1,Sports,79,0.2,16.95,PSP,E,2005,15.5
Star Fox Command,1,Action,76,0.39,14.95,DS,T,2006,3
Star Ocean: First Departure,1,Action / Role-Playing (RPG),74,0.17,17.95,PSP,T,2008,21.51666667
Star Trek Legacy,2,Action / Strategy,64,0.14,24.95,X360,E,2006,9
Star Trek: Conquest,1,Action / Strategy,49,0.11,27.95,Wii,T,2007,-1
Star Trek: Tactical Assault,1,Action / Strategy,63,0.04,17.95,DS,T,2006,-1
Star Trek: Tactical Assault,1,Action / Strategy,64,0.02,17.95,PSP,E,2006,-1
Star Wars Battlefront: Renegade Squadron,1,Action,73,0.93,16.95,PSP,T,2007,2.716666667
Star Wars: Battlefront II,1,Action,69,1.09,16.95,PSP,E,2005,9
Star Wars: Episode III - Revenge of the Sith,1,Action,73,0.28,16.95,DS,E,2005,5
Star Wars: Lethal Alliance,1,Action,61,0.12,17.95,PSP,T,2006,5
Star Wars: The Clone Wars - Jedi Alliance,1,Action / Adventure,68,0.6,17.95,DS,T,2008,5
Star Wars: The Force Unleashed,1,Action,73,1.59,16.95,X360,T,2008,5.5
Star Wars: The Force Unleashed,2,Action,71,1.01,14.95,Wii,E,2008,5.5
Star Wars: The Force Unleashed,1,Action,71,0.92,17.95,PS3,E,2008,5.5
Street Fighter Alpha 3 MAX,1,Action,80,0.27,14.95,PSP,M,2006,3
Stuntman: Ignition,4,Action / Racing / Driving,75,0.26,14.95,X360,T,2007,6.333333333
Stuntman: Ignition,4,Action / Racing / Driving,76,0.16,16.95,PS3,E,2007,6.333333333
Summer Athletics 2009,4,Sports,56,0.23,19.95,Wii,M,2008,-1
Summon Night: Twin Age,1,Role-Playing (RPG),73,0.06,24.95,DS,E,2008,15
Super Dodgeball Brawlers,1,Action / Sports,65,0.12,19.95,DS,T,2008,0.683333333
Super Mario 64 DS,1,Action,85,4.69,24.95,DS,E,2004,24.48333333
Super Mario Galaxy,2,Action,97,4.94,39.95,Wii,E,2007,20
Super Monkey Ball Adventure,1,Action / Racing / Driving,56,0.05,24.95,PSP,E,2006,-1
Super Monkey Ball: Banana Blitz,4,Action,74,1,14.95,Wii,T,2006,5.4
Super Monkey Ball: Touch & Roll,1,Action,63,0.7,15.95,DS,T,2005,0.566666667
Super Paper Mario,1,Action / Role-Playing (RPG),85,1.5,29.95,Wii,E,2007,19.76666667
Super Princess Peach,1,Action,75,0.7,29.95,DS,T,2005,9.283333333
Super Smash Bros.: Brawl,6,Action,93,5.71,39.95,Wii,T,2008,15
Super Swing Golf,1,Sports,72,0.14,16.95,Wii,T,2006,-1
Super Swing Golf Season 2,1,Sports,70,0.07,19.95,Wii,M,2007,-1
Superman Returns,1,Action,51,0.19,7.95,X360,E,2006,22
Supreme Commander,1,Strategy,56,0.04,17.95,X360,T,2008,20
Surf's Up,1,Racing / Driving / Sports,56,0.28,14.95,DS,T,2007,1.283333333
Surf's Up,2,Sports,64,0.16,16.95,Wii,T,2007,1.283333333
Surf's Up,4,Sports,61,0.09,17.95,X360,E,2007,1.283333333
Surf's Up,4,Sports,59,0.04,17.95,PS3,E,2007,1.283333333
SWAT: Target Liberty,1,Action / Strategy,50,0.04,12.95,PSP,E,2007,-1
Syberia,1,Adventure,52,0.1,23.95,DS,T,2008,10.5
Syphon Filter: Dark Mirror,1,Action,87,0.24,12.95,PSP,M,2006,7.283333333
Syphon Filter: Logan's Shadow,1,Action / Strategy,85,0.23,16.95,PSP,T,2007,10
Tales of Symphonia: Dawn of the New World,4,Role-Playing (RPG),68,0.2,24.95,Wii,T,2008,36.76666667
Tales of Vesperia,1,Adventure / Role-Playing (RPG),79,0.25,27.95,X360,M,2008,56.86666667
Tao's Adventure: Curse of the Demon Seal,1,Role-Playing (RPG),50,0.04,14.95,DS,E,2006,45
Target: Terror,1,Action,33,0.07,17.95,Wii,M,2008,-1
Teenage Mutant Ninja Turtles 3: Mutant Nightmare,1,Action / Adventure,58,0.06,17.95,DS,T,2005,4.5
Tekken: Dark Resurrection,1,Action,88,0.81,17.95,PSP,E,2006,30.5
Tenchu Z,1,Action,56,0.28,14.95,X360,E,2006,21.25
Tenchu: Dark Secret,1,Action,37,0.02,14.95,DS,E,2006,7.1
Test Drive Unlimited,1,Racing / Driving,82,0.25,17.95,X360,T,2006,38.5
Test Drive Unlimited,1,Racing / Driving,80,0.08,17.95,PSP,M,2007,38.5
Tetris DS,1,Strategy,84,0.66,17.95,DS,M,2006,27.5
Tetris Evolution,4,Strategy,52,0.06,17.95,X360,T,2007,-1
Tetris Party,4,Strategy,75,0.16,24.95,Wii,T,2008,2
The Ant Bully,1,Action,45,0.09,16.95,Wii,T,2006,3.566666667
The BIGS,4,Action / Simulation / Sports,66,0.36,17.95,Wii,M,2007,10.13333333
The BIGS,4,Action / Simulation / Sports,79,0.19,12.95,X360,M,2007,10.13333333
The BIGS,4,Action / Simulation / Sports,80,0.16,22.95,PS3,T,2007,10.13333333
The BIGS,1,Action / Simulation / Sports,72,0.11,16.95,PSP,M,2007,10.13333333
The Chronicles of Narnia: Prince Caspian,2,Action / Role-Playing (RPG),63,0.33,16.95,Wii,M,2008,11.65
The Chronicles of Narnia: Prince Caspian,1,Role-Playing (RPG),54,0.19,10.95,DS,M,2008,11.65
The Chronicles of Narnia: Prince Caspian,2,Action / Role-Playing (RPG),56,0.13,14.95,X360,M,2008,11.65
The Chronicles of Narnia: The Lion /  the Witch a...,1,Action / Role-Playing (RPG),65,0.18,12.95,DS,T,2005,2.666666667
The Club,4,Action,76,0.13,14.95,X360,T,2008,4.75
The Club,4,Action,72,0.1,14.95,PS3,M,2008,4.75
The Con,1,Action,63,0.15,8.95,PSP,E,2005,-1
The Dark Spire,1,Adventure / Role-Playing (RPG),69,0.04,24.95,DS,T,2008,45
The Darkness,1,Action,82,0.36,14.95,X360,M,2007,10
The Darkness,1,Action,80,0.2,14.95,PS3,E,2007,10
The Elder Scrolls IV: Oblivion,1,Action / Role-Playing (RPG),94,2.12,19.95,X360,E,2006,80
The Elder Scrolls IV: Oblivion,1,Action / Role-Playing (RPG),93,1.2,17.95,PS3,T,2007,80
The Elder Scrolls IV: Shivering Isles,1,Action / Role-Playing (RPG),86,0.18,24.95,X360,E,2007,15.8
The Eye of Judgment,2,Strategy,75,0.3,12.95,PS3,E,2007,-1
The Fast and the Furious,1,Racing / Driving,58,0.02,22.95,PSP,M,2007,-1
The Godfather: The Game,1,Action,77,0.2,17.95,X360,T,2006,20
The Golden Compass,1,Action,41,0.27,9.95,X360,M,2007,7
The Golden Compass,1,Action,35,0.26,14.95,Wii,E,2007,7
The Golden Compass,1,Action,40,0.12,12.95,PS3,M,2007,7
The Golden Compass,1,Action,28,0.1,14.95,PSP,E,2007,7
The House of the Dead 2 & 3 Return,2,Action,66,0.74,17.95,Wii,M,2008,4
The Incredible Hulk,1,Action,46,0.29,16.95,Wii,T,2008,5.216666667
The Incredible Hulk,1,Action,55,0.22,17.95,X360,E,2008,5.216666667
The Incredible Hulk,1,Action,55,0.21,16.95,PS3,T,2008,5.216666667
The King of Fighters Collection: The Orochi Saga,1,Action,70,0.09,17.95,Wii,E,2008,-1
The King of Fighters Collection: The Orochi Saga,1,Action,61,0.07,17.95,PSP,E,2008,-1
The Last Remnant,1,Role-Playing (RPG),66,0.23,14.95,X360,T,2008,75
The Legend of Heroes II: Prophecy of the Moonli...,1,Role-Playing (RPG),63,0.04,17.95,PSP,E,2006,22.8
The Legend of Heroes III: Song of the Ocean,1,Role-Playing (RPG),58,0.03,17.95,PSP,T,2007,50
The Legend of Heroes: A Tear of Vermillion,1,Role-Playing (RPG),68,0.08,17.95,PSP,T,2005,29.83333333
The Legend of Kage 2,1,Action,70,0.03,14.95,DS,E,2008,3.333333333
The Legend of Zelda: Phantom Hourglass,1,Action,90,1.92,24.95,DS,E,2007,19.4
The Legend of Zelda: Twilight Princess,1,Action / Role-Playing (RPG),95,3.33,39.95,Wii,M,2006,43
The Legendary Starfy,1,Action / Adventure,75,0.5,24.95,DS,E,2008,9.9
The Lord of the Rings: Tactics,1,Role-Playing (RPG) / Strategy,64,0.11,19.95,PSP,M,2005,5
The Lord of the Rings: The Battle for Middle Ea...,1,Strategy,79,0.27,19.95,X360,T,2006,16.58333333
The Orange Box,1,Action,96,1.06,17.95,X360,E,2007,29
The Outfit,2,Action,70,0.23,14.95,X360,E,2006,7.866666667
The Rub Rabbits!,2,Action / Adventure,68,0.02,17.95,DS,M,2005,2.333333333
The Settlers,1,Strategy,39,0.09,17.95,DS,T,2007,4.833333333
The Simpsons Game,1,Action,69,0.6,17.95,DS,M,2007,1
The Simpsons Game,2,Action,71,0.55,17.95,X360,T,2007,1
The Simpsons Game,2,Action,64,0.47,17.95,Wii,T,2007,1
The Simpsons Game,2,Action,71,0.39,17.95,PS3,E,2007,1
The Simpsons Game,1,Action,59,0.23,16.95,PSP,M,2007,1
The Sims 2,1,Role-Playing (RPG) / Simulation,70,0.83,17.95,DS,M,2005,34.91666667
The Sims 2,1,Simulation / Strategy,65,0.46,14.95,PSP,T,2005,34.91666667
The Sims 2: Apartment Pets,1,Simulation,50,0.33,17.95,DS,M,2008,-1
The Sims 2: Castaway,1,Simulation,66,0.66,16.95,DS,M,2007,8
The Sims 2: Castaway,1,Simulation,73,0.45,17.95,Wii,T,2007,8
The Sims 2: Castaway,1,Simulation,64,0.08,17.95,PSP,T,2007,8
The Sims 2: Pets,1,Simulation,49,0.97,14.95,DS,T,2006,27.7
The Sims 2: Pets,1,Simulation,57,0.21,17.95,PSP,T,2006,27.7
The Sims 2: Pets,1,Simulation,65,0.43,22.95,Wii,T,2007,27.7
The Spiderwick Chronicles,2,Action / Adventure,62,0.16,16.95,Wii,M,2008,5
The Spiderwick Chronicles,2,Action / Adventure,59,0.07,14.95,X360,E,2008,5
The Spiderwick Chronicles,1,Role-Playing (RPG),60,0.06,12.95,DS,E,2008,5
The Urbz: Sims in the City,1,Simulation,67,0.41,12.95,DS,M,2004,20
The Warriors,1,Action,52,0.24,17.95,PSP,T,2007,10.45
The World Ends With You,1,Action / Adventure / Role-Playing (RPG),88,0.37,17.95,DS,M,2007,30
Thrillville,1,Simulation / Strategy,72,0.2,14.95,PSP,E,2006,8.233333333
Thrillville: Off the Rails,4,Simulation / Strategy,70,0.37,16.95,Wii,E,2007,9.633333333
Thrillville: Off the Rails,4,Simulation / Strategy,73,0.12,17.95,X360,E,2007,9.633333333
Thrillville: Off the Rails,1,Simulation / Strategy,72,0.08,16.95,PSP,T,2007,9.633333333
Tiger Woods PGA Tour,1,Sports,78,0.21,17.95,PSP,E,2005,-1
Tiger Woods PGA Tour 06,4,Sports,71,0.33,9.95,X360,T,2005,-1
Tiger Woods PGA Tour 06,1,Sports,80,0.2,9.95,PSP,T,2005,-1
Tiger Woods PGA Tour 07,1,Sports,80,0.45,9.95,X360,T,2006,10
Tiger Woods PGA Tour 07,4,Sports,81,0.32,14.95,PS3,E,2006,10
Tiger Woods PGA Tour 07,1,Sports,78,0.21,12.95,PSP,E,2006,10
Tiger Woods PGA Tour 07,4,Sports,71,0.46,17.95,Wii,T,2007,10
Tiger Woods PGA Tour 08,4,Sports,72,1,17.95,Wii,T,2007,-1
Tiger Woods PGA Tour 08,4,Sports,80,0.51,14.95,X360,T,2007,-1
Tiger Woods PGA Tour 08,4,Sports,79,0.22,12.95,PS3,T,2007,-1
Tiger Woods PGA Tour 09,4,Sports,84,0.37,19.95,X360,E,2008,-1
Tiger Woods PGA Tour 09,4,Sports,82,0.36,19.95,PS3,E,2008,-1
Time Crisis 4,2,Action,60,0.33,24.95,PS3,M,2007,1
TimeShift,1,Action,70,0.32,12.95,X360,M,2007,8.916666667
TimeShift,1,Action,70,0.11,16.95,PS3,M,2007,8.916666667
TMNT,1,Action,58,0.28,19.95,X360,E,2007,5
TMNT,1,Action,60,0.16,17.95,Wii,E,2007,5
TNA iMPACT!,4,Sports,62,0.26,14.95,X360,M,2008,8.25
TNA iMPACT!,4,Sports,64,0.21,12.95,PS3,M,2008,8.25
TNA iMPACT!,1,Sports,43,0.14,14.95,Wii,E,2008,8.25
Tokobot,1,Strategy,72,0.06,17.95,PSP,T,2005,8.683333333
Tom Clancy's EndWar,1,Strategy,77,0.56,16.95,X360,E,2008,9.75
Tom Clancy's EndWar,1,Strategy,76,0.28,17.95,PS3,M,2008,9.75
Tom Clancy's Ghost Recon: Advanced Warfighter,4,Action,90,1.46,14.95,X360,E,2006,8.75
Tom Clancy's Ghost Recon: Advanced Warfighter 2...,1,Action,86,0.89,14.95,X360,T,2007,8.75
Tom Clancy's Ghost Recon: Advanced Warfighter 2...,4,Action,84,0.35,17.95,PS3,T,2007,8.75
Tom Clancy's Rainbow Six: Vegas,2,Action,88,1.19,14.95,X360,E,2006,9
Tom Clancy's Rainbow Six: Vegas,2,Action,86,0.49,16.95,PS3,E,2007,9
Tom Clancy's Rainbow Six: Vegas 2,2,Action,82,1.61,16.95,X360,M,2008,9
Tom Clancy's Rainbow Six: Vegas 2,2,Action,81,0.67,24.95,PS3,E,2008,9
Tom Clancy's Splinter Cell: Double Agent,1,Action,85,0.67,17.95,X360,E,2006,11
Tom Clancy's Splinter Cell: Double Agent,2,Action,61,0.11,17.95,Wii,T,2006,11
Tom Clancy's Splinter Cell: Double Agent,1,Action / Strategy,78,0.19,22.95,PS3,M,2007,11
Tomb Raider: Underworld,1,Action,76,0.51,17.95,X360,E,2008,10.03333333
Tomb Raider: Underworld,1,Action,75,0.44,17.95,PS3,T,2008,10.03333333
Tomb Raider: Underworld,1,Action,70,0.14,17.95,Wii,T,2008,10.03333333
Tony Hawk's American Sk8land,1,Sports,84,0.21,16.95,DS,E,2005,20
Tony Hawk's American Wasteland,1,Sports,75,0.29,14.95,X360,E,2005,13
Tony Hawk's Downhill Jam,1,Racing / Driving / Sports,76,0.22,14.95,DS,T,2006,-1
Tony Hawk's Project 8,2,Sports,68,0.42,17.95,PSP,M,2006,17
Tony Hawk's Project 8,2,Sports,81,0.42,16.95,X360,E,2006,17
Tony Hawk's Project 8,2,Sports,76,0.3,14.95,PS3,T,2006,17
Tony Hawk's Proving Ground,2,Sports,72,0.51,16.95,X360,T,2007,8.133333333
Tony Hawk's Proving Ground,2,Sports,73,0.37,12.95,PS3,E,2007,8.133333333
Tony Hawk's Proving Ground,2,Sports,57,0.23,16.95,Wii,E,2007,8.133333333
Tony Hawk's Proving Ground,1,Sports,39,0.21,13.95,DS,M,2007,8.133333333
Tony Hawk's Underground 2: Remix,1,Sports,83,0.49,14.95,PSP,T,2005,23.45
Too Human,1,Action / Role-Playing (RPG),65,0.35,14.95,X360,T,2008,15
Top Spin 2,4,Sports,75,0.16,12.95,X360,T,2006,10
Top Spin 3,4,Sports,78,0.09,19.95,X360,T,2008,-1
Top Spin 3,1,Sports,75,0.08,24.95,PS3,M,2008,-1
Touch Detective,1,Adventure,60,0.07,14.95,DS,T,2006,6.133333333
Touch Detective 2 1/2,1,Adventure,67,0.08,14.95,DS,T,2007,6.633333333
Touch the Dead,1,Action,56,0.2,16.95,DS,T,2007,4.65
Transformers: Autobots,1,Action / Racing / Driving,67,1.17,17.95,DS,E,2007,-1
Transformers: Decepticons,1,Action / Racing / Driving,66,1.17,17.95,DS,M,2007,-1
Transformers: The Game,1,Action,52,0.51,14.95,X360,M,2007,5.5
Transformers: The Game,1,Action,53,0.35,17.95,Wii,T,2007,5.5
Transformers: The Game,1,Action,54,0.32,17.95,PS3,E,2007,5.5
Trauma Center: New Blood,2,Action / Simulation,77,0.22,17.95,Wii,E,2007,12.56666667
Trauma Center: Second Opinion,1,Action / Simulation,80,0.28,17.95,Wii,T,2006,9
Trauma Center: Under the Knife,1,Action / Simulation,81,0.3,15.95,DS,T,2005,8.266666667
Trauma Center: Under The Knife 2,1,Action / Simulation,79,0.09,19.95,DS,T,2008,10.53333333
Tropix!,1,Action,59,0.05,23.95,DS,M,2008,-1
True Swing Golf,1,Sports,66,0.12,14.95,DS,E,2005,-1
Turn It Around,1,Racing / Driving / Sports,39,0.02,9.95,DS,E,2007,1
Turning Point: Fall of Liberty,1,Action,43,0.24,7.95,X360,M,2008,5
Turning Point: Fall of Liberty,1,Action,42,0.22,7.95,PS3,T,2008,5
Turok,1,Action,69,0.47,14.95,X360,E,2008,7.75
Turok,1,Action,67,0.36,16.95,PS3,M,2008,7.75
TV Show King,4,Strategy,65,0.19,17.95,Wii,T,2008,30
Twisted Metal: Head-On,1,Action / Racing / Driving,79,0.73,14.95,PSP,E,2005,-1
Two Worlds,1,Action / Role-Playing (RPG),50,0.43,14.95,X360,M,2007,27.58333333
UEFA Champions League 2006-2007,4,Sports,72,0.03,6.95,X360,T,2007,-1
UEFA Champions League 2006-2007,1,Sports,71,0.01,14.95,PSP,T,2007,-1
UEFA Euro 2008,7,Sports,79,0.07,17.95,PS3,T,2008,-1
UEFA Euro 2008,4,Sports,80,0.05,14.95,X360,M,2008,-1
UEFA Euro 2008,1,Sports,68,0.04,19.95,PSP,E,2008,-1
Ultimate Band,1,Action / Simulation,69,0.11,14.95,DS,E,2008,-1
Ultimate Ghosts 'N' Goblins,1,Action,72,0.06,17.95,PSP,E,2006,5.5
Ultimate Mortal Kombat 3,1,Action,73,0.05,23.95,DS,E,2007,2
Uncharted: Drake's Fortune,1,Action,88,1.76,24.95,PS3,T,2007,9
Universe at War: Earth Assault,1,Action / Strategy,66,0.07,14.95,X360,T,2008,16
Unreal Tournament III,1,Action,86,0.33,16.95,PS3,M,2007,12.51666667
Unreal Tournament III,2,Action,82,0.23,14.95,X360,M,2008,12.51666667
Unsolved Crimes,1,Action / Adventure / Racing / Driving,66,0.05,17.95,DS,T,2008,-1
Untold Legends: Brotherhood of the Blade,1,Action / Role-Playing (RPG),68,0.56,12.95,PSP,M,2005,21
Untold Legends: Dark Kingdom,2,Action / Role-Playing (RPG),58,0.13,16.95,PS3,E,2006,25
Untold Legends: The Warrior's Code,1,Action / Role-Playing (RPG),65,0.14,14.95,PSP,T,2006,-1
Valhalla Knights,1,Action / Role-Playing (RPG),53,0.17,16.95,PSP,T,2006,100
Valkyria Chronicles,1,Action / Role-Playing (RPG) / Strategy,86,0.65,24.95,PS3,T,2008,35.08333333
Valkyrie Profile: Covenant of the Plume,1,Role-Playing (RPG) / Strategy,74,0.2,24.95,DS,M,2008,18.75
Valkyrie Profile: Lenneth,1,Role-Playing (RPG),80,0.16,22.95,PSP,E,2006,34.38333333
Vampire Rain,1,Action,38,0.15,11.95,X360,T,2007,10.5
Vampire Rain,1,Action,30,0.04,24.95,PS3,E,2008,10.5
Victorious Boxers: Revolution,1,Action / Simulation / Sports,59,0.08,24.95,Wii,E,2007,-1
Viewtiful Joe: Double Trouble!,1,Action,73,0.08,14.95,DS,E,2005,5
Viewtiful Joe: Red Hot Rumble,1,Action,63,0.07,14.95,PSP,E,2006,9.9
Viking: Battle for Asgard,1,Action,68,0.16,14.95,X360,M,2008,16
Viking: Battle for Asgard,1,Action,65,0.14,16.95,PS3,M,2008,16
Virtua Fighter 5,2,Action,85,0.3,14.95,PS3,M,2007,1.5
Virtua Fighter 5,2,Action,89,0.18,17.95,X360,E,2007,1.5
Virtua Tennis 3,4,Sports,80,0.24,19.95,PS3,E,2007,15.5
Virtua Tennis 3,1,Sports,79,0.02,16.95,PSP,M,2007,15.5
Virtua Tennis 3,4,Sports,80,0.01,14.95,X360,T,2007,15.5
Virtua Tennis: World Tour,1,Sports,84,0.18,14.95,PSP,M,2005,-1
Viva Pi$?ata,4,Simulation / Strategy,84,0.44,16.95,X360,E,2006,39.5
Viva Pi$?ata: Party Animals,4,Racing / Driving,56,0.17,14.95,X360,T,2007,8.883333333
Viva Pi$?ata: Pocket Paradise,1,Simulation / Strategy,82,0.28,17.95,DS,T,2008,21
Viva Pi$?ata: Trouble in Paradise,2,Racing / Driving / Simulation / Strategy,82,0.14,17.95,X360,T,2008,20.86666667
Wall-E,4,Action,51,0.48,17.95,Wii,E,2008,6.716666667
Wall-E,4,Action,50,0.27,14.95,X360,E,2008,6.716666667
Wall-E,4,Action,51,0.09,17.95,PS3,M,2008,6.716666667
Warhammer 40 / 000: Squad Command,1,Strategy,67,0.12,17.95,PSP,T,2007,-1
Warhammer 40 / 000: Squad Command,1,Strategy,57,0.05,17.95,DS,T,2007,-1
Warhammer: Battle for Atluma,1,Strategy,55,0.03,17.95,PSP,M,2006,-1
Wario Land: Shake It!,1,Action,78,0.59,19.95,Wii,T,2008,6.766666667
Wario: Master of Disguise,1,Action,60,0.29,14.95,DS,E,2007,9.5
WarioWare Touched!,2,Action / Racing / Driving / Sports,81,0.54,22.95,DS,E,2004,2.5
WarioWare: Smooth Moves,6,Action / Racing / Driving / Sports,83,0.9,39.95,Wii,T,2006,3
Warriors Orochi,2,Action / Role-Playing (RPG),53,0.17,19.95,X360,E,2007,15
WarTech: Senko no Ronde,2,Action,60,0.03,12.95,X360,T,2006,1.166666667
Wii Fit,1,Educational / Sports,80,9.6,24.95,Wii,T,2007,4
Wii Play,2,Action / Sports,58,14.66,14.95,Wii,T,2006,4
Wild Arms XF,1,Role-Playing (RPG),64,0.06,17.95,PSP,M,2008,53.86666667
Winning Eleven: Pro Evolution Soccer 2007,6,Sports,80,0.08,11.95,X360,E,2006,37
Winter Sports: The Ultimate Challenge,1,Racing / Driving / Sports,52,0.47,16.95,Wii,E,2007,-1
WipEout Pulse,1,Action / Racing / Driving,82,0.11,16.95,PSP,T,2007,9
WipEout Pure,1,Action / Racing / Driving,88,0.45,12.95,PSP,E,2005,8.8
WordJong,1,Strategy,77,0.12,17.95,DS,M,2007,-1
World Series of Poker,1,Sports / Strategy,37,0.21,14.95,PSP,E,2005,-1
World Series of Poker 2008: Battle for the Brac...,1,Simulation,74,0.05,19.95,X360,E,2007,-1
Worms: A Space Oddity,4,Action / Strategy,64,0.05,17.95,Wii,M,2008,10
Worms: Open Warfare,1,Action / Strategy,70,0.12,17.95,PSP,T,2006,9.116666667
Worms: Open Warfare,1,Action / Strategy,64,0.05,17.95,DS,E,2006,9.116666667
Worms: Open Warfare 2,1,Action / Strategy,81,0.07,17.95,DS,E,2007,9.116666667
Worms: Open Warfare 2,4,Action / Strategy,80,0.04,17.95,PSP,T,2007,9.116666667
WWE Smackdown vs. Raw 2006,4,Action / Sports,81,0.38,14.95,PSP,T,2005,9.416666667
WWE SmackDown vs. Raw 2007,4,Sports,81,0.45,12.95,X360,E,2006,9.116666667
WWE SmackDown vs. Raw 2007,4,Sports,78,0.34,14.95,PSP,T,2006,9.116666667
WWE Smackdown vs. Raw 2008,4,Sports,71,0.96,12.95,X360,T,2007,13.1
WWE Smackdown vs. Raw 2008,6,Sports,74,0.64,14.95,PS3,E,2007,13.1
WWE Smackdown vs. Raw 2008,4,Sports,68,0.46,16.95,PSP,E,2007,13.1
WWE Smackdown vs. Raw 2008,4,Sports,59,0.39,12.95,Wii,M,2007,13.1
WWE SmackDown vs. Raw 2008,1,Sports,61,0.11,14.95,DS,T,2007,13.1
X-Men: Legends II - Rise of Apocalypse,1,Action / Role-Playing (RPG),84,0.27,17.95,PSP,M,2005,22
X-Men: The Official Game,1,Action,52,0.14,14.95,X360,M,2006,12.06666667
X-Men: The Official Game,1,Action,50,0.1,14.95,DS,E,2006,12.06666667
Xiaolin Showdown,1,Action,44,0.06,14.95,PSP,M,2006,6
Yoshi Touch & Go,1,Action,73,0.36,17.95,DS,T,2005,4.5
Yoshi's Island DS,1,Action,81,1.49,27.95,DS,E,2006,9.583333333
Ys VI: The Ark of Napishtim,1,Action / Role-Playing (RPG),64,0.05,16.95,PSP,E,2006,13.66666667
Zack & Wiki: Quest for Barbaros' Treasure,1,Adventure,87,0.19,17.95,Wii,E,2007,15
Zendoku,1,Role-Playing (RPG) / Strategy,68,0.04,16.95,DS,E,2007,4
Zoids Assault,1,Role-Playing (RPG) / Strategy,46,0.07,17.95,X360,M,2007,12.05
Zoo Keeper,1,Action,74,0.1,14.95,DS,T,2004,5
Zoo Tycoon DS,1,Simulation / Strategy,44,0.92,12.95,DS,T,2005,-1
Zubo,1,Adventure / Role-Playing (RPG) / Strategy,75,0.05,14.95,DS,E,2008,15